{"id":1087007793,"items":[{"id":274767474,"status":2,"title":"Blog Template","order":1,"templateKey":"blog","pageLinks":[]},{"id":2334722346,"status":2,"title":"Post Template","order":2,"templateKey":"post","pageLinks":[]},{"id":588407888,"status":2,"title":"Home","order":3,"templateKey":null,"pageLinks":["585206751","94354339"]},{"id":116364870,"status":2,"title":"Trending","order":4,"templateKey":null,"pageLinks":["94354339"]},{"id":585206751,"status":2,"title":"Browse Movies","order":5,"templateKey":null,"pageLinks":["94354339"]},{"id":94354339,"status":2,"title":"MovieProfile","order":6,"templateKey":null,"pageLinks":["94354339"]},{"id":287190400,"status":2,"title":"Stream","order":7,"templateKey":null,"pageLinks":[]},{"id":290082110,"status":2,"title":"Checkout Watch","order":8,"templateKey":null,"pageLinks":[]}],"metaTags":null,"order":"65536","headHtml":null,"customCss":null,"headerHtml":"<section class=\"u-align-center-xs u-border-1 u-border-grey-25 u-clearfix u-header u-block-2aa4-1\" custom-posts-hash=\"[]\" data-style=\"header-logo-menu-search\" data-post-id=\"2566668464\" data-section-properties=\"{&quot;grid-spacing&quot;:&quot;0&quot;,&quot;align&quot;:&quot;left&quot;,&quot;stretch&quot;:true}\" id=\"sec-722a\" data-source=\"\" data-id=\"2aa4\">\n  <div class=\"u-clearfix u-sheet u-block-2aa4-2\" data-state=\"{&quot;margin-top&quot;:{&quot;shouldApplyDefaultMargins&quot;:{&quot;XL&quot;:false,&quot;LG&quot;:false,&quot;MD&quot;:false,&quot;SM&quot;:false,&quot;XS&quot;:false},&quot;parentVerticalAlign&quot;:{&quot;XL&quot;:&quot;&quot;,&quot;LG&quot;:&quot;&quot;,&quot;MD&quot;:&quot;&quot;,&quot;SM&quot;:&quot;&quot;,&quot;XS&quot;:&quot;&quot;}},&quot;margin-bottom&quot;:{&quot;shouldApplyDefaultMargins&quot;:{&quot;XL&quot;:false,&quot;LG&quot;:false,&quot;MD&quot;:false,&quot;SM&quot;:false,&quot;XS&quot;:false},&quot;parentVerticalAlign&quot;:{&quot;XL&quot;:&quot;&quot;,&quot;LG&quot;:&quot;&quot;,&quot;MD&quot;:&quot;&quot;,&quot;SM&quot;:&quot;&quot;,&quot;XS&quot;:&quot;&quot;}}}\">\n    \n    \n    \n  <a href=\"588407888\" class=\"u-image u-logo u-block-2aa4-11\" data-brightness=\"\" data-state=\"{&quot;margin-top&quot;:{&quot;shouldApplyDefaultMargins&quot;:{&quot;XL&quot;:false,&quot;LG&quot;:false,&quot;MD&quot;:false,&quot;SM&quot;:false,&quot;XS&quot;:false},&quot;parentVerticalAlign&quot;:{&quot;XL&quot;:&quot;&quot;,&quot;LG&quot;:&quot;&quot;,&quot;MD&quot;:&quot;&quot;,&quot;SM&quot;:&quot;&quot;,&quot;XS&quot;:&quot;&quot;}},&quot;margin-bottom&quot;:{&quot;shouldApplyDefaultMargins&quot;:{&quot;XL&quot;:false,&quot;LG&quot;:false,&quot;MD&quot;:false,&quot;SM&quot;:false,&quot;XS&quot;:false},&quot;parentVerticalAlign&quot;:{&quot;XL&quot;:&quot;&quot;,&quot;LG&quot;:&quot;&quot;,&quot;MD&quot;:&quot;&quot;,&quot;SM&quot;:&quot;&quot;,&quot;XS&quot;:&quot;&quot;}}}\" data-image-width=\"465\" data-image-height=\"152\" title=\"home\">\n      <img src=\"np://user.desktop.nicepage.com/Site_1087007793/images/logo.PNG\" class=\"u-logo-image u-block-2aa4-16\" data-image-width=\"213.8532\">\n    </a><form action=\"#\" method=\"get\" class=\"u-border-1 u-border-grey-15 u-border-radius-20 u-input-round u-search u-search-right u-block-2aa4-3\" data-state=\"{&quot;margin-top&quot;:{&quot;shouldApplyDefaultMargins&quot;:{&quot;XL&quot;:false,&quot;LG&quot;:false,&quot;MD&quot;:false,&quot;SM&quot;:false,&quot;XS&quot;:false},&quot;parentVerticalAlign&quot;:{&quot;XL&quot;:&quot;&quot;,&quot;LG&quot;:&quot;&quot;,&quot;MD&quot;:&quot;&quot;,&quot;SM&quot;:&quot;&quot;,&quot;XS&quot;:&quot;&quot;}},&quot;margin-bottom&quot;:{&quot;shouldApplyDefaultMargins&quot;:{&quot;XL&quot;:false,&quot;LG&quot;:false,&quot;MD&quot;:false,&quot;SM&quot;:false,&quot;XS&quot;:false},&quot;parentVerticalAlign&quot;:{&quot;XL&quot;:&quot;&quot;,&quot;LG&quot;:&quot;&quot;,&quot;MD&quot;:&quot;&quot;,&quot;SM&quot;:&quot;&quot;,&quot;XS&quot;:&quot;&quot;}}}\">\n      <button class=\"u-search-button\" type=\"submit\">\n        <span class=\"u-icon-circle u-search-icon u-text-palette-2-base u-block-2aa4-4\">\n          <svg class=\"u-svg-link\" preserveAspectRatio=\"xMidYMin slice\" viewBox=\"0 0 56.966 56.966\" style=\"undefined\"><use xmlns:xlink=\"http://www.w3.org/1999/xlink\" xlink:href=\"#svg-b04b\"></use></svg>\n          <svg xmlns=\"http://www.w3.org/2000/svg\" xmlns:xlink=\"http://www.w3.org/1999/xlink\" version=\"1.1\" id=\"svg-b04b\" x=\"0px\" y=\"0px\" viewBox=\"0 0 56.966 56.966\" style=\"enable-background:new 0 0 56.966 56.966;\" xml:space=\"preserve\" class=\"u-svg-content\"><path d=\"M55.146,51.887L41.588,37.786c3.486-4.144,5.396-9.358,5.396-14.786c0-12.682-10.318-23-23-23s-23,10.318-23,23  s10.318,23,23,23c4.761,0,9.298-1.436,13.177-4.162l13.661,14.208c0.571,0.593,1.339,0.92,2.162,0.92  c0.779,0,1.518-0.297,2.079-0.837C56.255,54.982,56.293,53.08,55.146,51.887z M23.984,6c9.374,0,17,7.626,17,17s-7.626,17-17,17  s-17-7.626-17-17S14.61,6,23.984,6z\"></path><g></g><g></g><g></g><g></g><g></g><g></g><g></g><g></g><g></g><g></g><g></g><g></g><g></g><g></g><g></g></svg>\n        </span>\n      </button>\n      <input class=\"u-search-input u-block-2aa4-5\" type=\"search\" name=\"search\" value=\"\" placeholder=\"Search\">\n    </form><nav class=\"u-align-left u-menu u-menu-dropdown u-nav-spacing-25 u-offcanvas u-block-2aa4-6\" data-state=\"{&quot;margin-top&quot;:{&quot;shouldApplyDefaultMargins&quot;:{&quot;XL&quot;:false,&quot;LG&quot;:false,&quot;MD&quot;:false,&quot;SM&quot;:false,&quot;XS&quot;:false},&quot;parentVerticalAlign&quot;:{&quot;XL&quot;:&quot;&quot;,&quot;LG&quot;:&quot;&quot;,&quot;MD&quot;:&quot;&quot;,&quot;SM&quot;:&quot;&quot;,&quot;XS&quot;:&quot;&quot;}},&quot;margin-bottom&quot;:{&quot;shouldApplyDefaultMargins&quot;:{&quot;XL&quot;:false,&quot;LG&quot;:false,&quot;MD&quot;:false,&quot;SM&quot;:false,&quot;XS&quot;:false},&quot;parentVerticalAlign&quot;:{&quot;XL&quot;:&quot;&quot;,&quot;LG&quot;:&quot;&quot;,&quot;MD&quot;:&quot;&quot;,&quot;SM&quot;:&quot;&quot;,&quot;XS&quot;:&quot;&quot;}}}\">\n      <div class=\"menu-collapse\">\n        <a class=\"u-button-style u-custom-left-right-menu-spacing u-nav-link\" href=\"#\" style=\"padding: 4px 0px; font-size: calc(1em + 8px);\">\n          <svg class=\"u-svg-link\" preserveAspectRatio=\"xMidYMin slice\" viewBox=\"0 0 302 302\" style=\"undefined\"><use xmlns:xlink=\"http://www.w3.org/1999/xlink\" xlink:href=\"#svg-7b92\"></use></svg>\n          <svg xmlns=\"http://www.w3.org/2000/svg\" xmlns:xlink=\"http://www.w3.org/1999/xlink\" version=\"1.1\" id=\"svg-7b92\" x=\"0px\" y=\"0px\" viewBox=\"0 0 302 302\" style=\"enable-background:new 0 0 302 302;\" xml:space=\"preserve\" class=\"u-svg-content\"><g><rect y=\"36\" width=\"302\" height=\"30\"></rect><rect y=\"236\" width=\"302\" height=\"30\"></rect><rect y=\"136\" width=\"302\" height=\"30\"></rect>\n</g><g></g><g></g><g></g><g></g><g></g><g></g><g></g><g></g><g></g><g></g><g></g><g></g><g></g><g></g><g></g></svg>\n        </a>\n      </div>\n      <div class=\"u-custom-menu u-nav-container\">\n        <ul class=\"u-nav u-unstyled u-block-2aa4-21\"><li class=\"u-nav-item\"><a class=\"u-button-style u-nav-link u-text-active-palette-2-base u-text-grey-15 u-text-hover-white\" href=\"Home.html\" data-page-id=\"588407888\" style=\"padding: 10px 12px;\">Home</a><div class=\"fake u-hidden u-nav-popup\"><ul class=\"u-h-spacing-20 u-nav u-unstyled u-v-spacing-10 u-block-2aa4-22\"><li class=\"u-nav-item\"><a class=\"u-button-style u-nav-link u-white\" href=\"#\">Menu Item1</a></li><li class=\"u-nav-item\"><a class=\"u-button-style u-nav-link u-white\" href=\"#\">Menu Item2</a></li><li class=\"u-nav-item\"><a class=\"u-button-style u-nav-link u-white\" href=\"#\">Menu Item3</a></li></ul></div></li><li class=\"u-nav-item\"><a class=\"u-button-style u-nav-link u-text-active-palette-2-base u-text-grey-15 u-text-hover-white\" href=\"Trending.html\" data-page-id=\"116364870\" style=\"padding: 10px 12px;\">Trending</a></li><li class=\"u-nav-item\"><a class=\"u-button-style u-nav-link u-text-active-palette-2-base u-text-grey-15 u-text-hover-white\" href=\"Browse-Movies.html\" data-page-id=\"585206751\" style=\"padding: 10px 12px;\">Browse Movies</a></li></ul>\n      </div>\n      <div class=\"u-custom-menu u-nav-container-collapse\">\n        <div class=\"u-align-center u-black u-container-style u-inner-container-layout u-opacity u-opacity-95 u-sidenav u-block-2aa4-8\">\n          <div class=\"u-menu-close u-block-2aa4-9\"></div>\n          <ul class=\"u-align-center u-nav u-popupmenu-items u-unstyled u-block-2aa4-10\"><li class=\"u-nav-item\"><a class=\"u-button-style u-nav-link\" href=\"Home.html\" data-page-id=\"588407888\" style=\"padding: 10px 12px;\">Home</a><div class=\"fake u-hidden u-nav-popup\"><ul class=\"u-h-spacing-20 u-nav u-unstyled u-v-spacing-10 u-block-2aa4-23\"><li class=\"u-nav-item\"><a class=\"u-button-style u-nav-link\" href=\"#\">Menu Item1</a></li><li class=\"u-nav-item\"><a class=\"u-button-style u-nav-link\" href=\"#\">Menu Item2</a></li><li class=\"u-nav-item\"><a class=\"u-button-style u-nav-link\" href=\"#\">Menu Item3</a></li></ul></div></li><li class=\"u-nav-item\"><a class=\"u-button-style u-nav-link\" href=\"Trending.html\" data-page-id=\"116364870\" style=\"padding: 10px 12px;\">Trending</a></li><li class=\"u-nav-item\"><a class=\"u-button-style u-nav-link\" href=\"Browse-Movies.html\" data-page-id=\"585206751\" style=\"padding: 10px 12px;\">Browse Movies</a></li></ul>\n        </div>\n        <div class=\"u-black u-menu-overlay u-opacity u-opacity-70\"></div>\n      </div>\n    </nav></div>\n  <style data-mode=\"XL\" data-visited=\"true\">@media (min-width: 1200px){ .u-block-2aa4-1 {background-image: none}\n.u-block-2aa4-2 {min-height: 111px}\n.u-block-2aa4-11 {margin-top: 3px; margin-right: auto; margin-bottom: 0px; margin-left: 0px}\n.u-block-2aa4-16 {max-width: 325.572px; max-height: 325.572px}\n.u-block-2aa4-3 {width: 263.297px; min-height: 40px; margin-top: -72px; margin-right: 402.703px; margin-bottom: 0px; margin-left: auto}\n.u-block-2aa4-4 {background-image: none}\n.u-block-2aa4-6 {font-family: size-14; margin-top: -40px; margin-right: 0px; margin-bottom: 37px; margin-left: auto}\n.u-block-2aa4-21 {font-size: 1rem}\n.u-block-2aa4-22 {font-size: 1rem}\n.u-block-2aa4-10 {font-size: 1rem}\n.u-block-2aa4-23 {font-size: 1rem} }</style>\n  <style data-mode=\"LG\" data-visited=\"true\">@media (max-width: 1199px) and (min-width: 992px){ .u-block-2aa4-1 {background-image: none}\n.u-block-2aa4-2 {min-height: 111px}\n.u-block-2aa4-11 {margin-top: 3px; margin-right: auto; margin-bottom: 0px; margin-left: 0px}\n.u-block-2aa4-16 {max-width: 325.572px; max-height: 325.572px}\n.u-block-2aa4-3 {width: 240.984px; height: auto; min-height: 40px; margin-top: -74px; margin-right: 295px; margin-bottom: 0px; margin-left: auto}\n.u-block-2aa4-4 {background-image: none}\n.u-block-2aa4-6 {font-family: size-14; width: auto; margin-top: -38.0001px; margin-right: 0px; margin-bottom: 36px; margin-left: auto}\n.u-block-2aa4-21 {font-size: 1rem}\n.u-block-2aa4-22 {font-size: 1rem}\n.u-block-2aa4-10 {font-size: 1rem}\n.u-block-2aa4-23 {font-size: 1rem} }</style>\n  <style data-mode=\"MD\" data-visited=\"true\">@media (max-width: 991px) and (min-width: 768px){ .u-block-2aa4-1 {background-image: none}\n.u-block-2aa4-2 {min-height: 111px}\n.u-block-2aa4-11 {width: 80px; height: 26.1506px; margin-top: 3px; margin-right: auto; margin-bottom: 0px; margin-left: 0px}\n.u-block-2aa4-16 {max-width: 325.572px; max-height: 325.572px}\n.u-block-2aa4-3 {width: 241px; height: auto; min-height: 40px; margin-top: -74px; margin-right: 58px; margin-bottom: 0px; margin-left: auto}\n.u-block-2aa4-4 {background-image: none}\n.u-block-2aa4-6 {width: auto; font-family: size-14; margin-top: -38px; margin-right: 0px; margin-bottom: 36px; margin-left: auto}\n.u-block-2aa4-21 {font-size: 1rem}\n.u-block-2aa4-22 {font-size: 1rem}\n.u-block-2aa4-10 {font-size: 1rem}\n.u-block-2aa4-23 {font-size: 1rem} }</style>\n  <style data-mode=\"SM\" data-visited=\"true\">@media (max-width: 767px) and (min-width: 576px){ .u-block-2aa4-1 {background-image: none}\n.u-block-2aa4-2 {min-height: 111px}\n.u-block-2aa4-11 {width: auto; margin-top: 19px; margin-right: auto; margin-bottom: 0px; margin-left: 7px; height: 26.1506px}\n.u-block-2aa4-16 {max-width: 213.853px; max-height: 213.853px}\n.u-block-2aa4-3 {width: 241px; height: auto; min-height: 40px; margin-top: -55px; margin-right: 45px; margin-bottom: 0px; margin-left: auto}\n.u-block-2aa4-4 {background-image: none}\n.u-block-2aa4-6 {width: auto; font-family: size-14; margin-top: -37px; margin-right: 0px; margin-bottom: 40px; margin-left: auto}\n.u-block-2aa4-21 {font-size: 1rem}\n.u-block-2aa4-22 {font-size: 1rem}\n.u-block-2aa4-10 {font-size: 1rem}\n.u-block-2aa4-23 {font-size: 1rem} }</style>\n  <style data-mode=\"XS\" data-visited=\"true\">@media (max-width: 575px){ .u-block-2aa4-1 {background-image: none}\n.u-block-2aa4-2 {min-height: 160px}\n.u-block-2aa4-11 {margin-top: 15px; margin-right: auto; margin-bottom: 0px; margin-left: 0px; width: auto; height: 26.1506px}\n.u-block-2aa4-16 {max-width: 213.853px; max-height: 213.853px}\n.u-block-2aa4-3 {width: 241px; height: auto; min-height: 40px; margin-top: 0px; margin-bottom: 0px; margin-left: auto; margin-right: auto}\n.u-block-2aa4-4 {background-image: none}\n.u-block-2aa4-6 {width: auto; font-family: size-14; margin-top: -92px; margin-right: 15px; margin-bottom: 60px; margin-left: auto}\n.u-block-2aa4-21 {font-size: 1rem}\n.u-block-2aa4-22 {font-size: 1rem}\n.u-block-2aa4-10 {font-size: 1rem}\n.u-block-2aa4-23 {font-size: 1rem} }</style>\n</section>","footerHtml":"<section class=\"u-clearfix u-footer u-grey-80 u-block-1abf-1\" custom-posts-hash=\"T\" data-state=\"{&quot;min-height&quot;:{&quot;canCollapse&quot;:{&quot;XL&quot;:null,&quot;LG&quot;:null,&quot;MD&quot;:null,&quot;SM&quot;:null,&quot;XS&quot;:null}}}\" data-style=\"footer-3-cols-6\" data-post-id=\"1711041423\" data-section-properties=\"{&quot;grid-spacing&quot;:&quot;30&quot;,&quot;spacingAdditional&quot;:&quot;none&quot;,&quot;align&quot;:&quot;&quot;,&quot;stretch&quot;:true}\" id=\"sec-bf1b\" data-source=\"\" data-id=\"1abf\">\n  <div class=\"u-clearfix u-sheet u-block-1abf-2\" data-state=\"{&quot;margin-top&quot;:{&quot;shouldApplyDefaultMargins&quot;:{&quot;XL&quot;:false,&quot;LG&quot;:false,&quot;MD&quot;:false,&quot;SM&quot;:false,&quot;XS&quot;:false},&quot;parentVerticalAlign&quot;:{&quot;XL&quot;:&quot;&quot;,&quot;LG&quot;:&quot;&quot;,&quot;MD&quot;:&quot;&quot;,&quot;SM&quot;:&quot;&quot;,&quot;XS&quot;:&quot;&quot;}},&quot;margin-bottom&quot;:{&quot;shouldApplyDefaultMargins&quot;:{&quot;XL&quot;:false,&quot;LG&quot;:false,&quot;MD&quot;:false,&quot;SM&quot;:false,&quot;XS&quot;:false},&quot;parentVerticalAlign&quot;:{&quot;XL&quot;:&quot;&quot;,&quot;LG&quot;:&quot;&quot;,&quot;MD&quot;:&quot;&quot;,&quot;SM&quot;:&quot;&quot;,&quot;XS&quot;:&quot;&quot;}}}\">\n    <div class=\"u-clearfix u-expanded-width u-gutter-30 u-layout-wrap u-block-1abf-3\" data-state=\"{&quot;margin-top&quot;:{&quot;shouldApplyDefaultMargins&quot;:{&quot;XL&quot;:false,&quot;LG&quot;:false,&quot;MD&quot;:false,&quot;SM&quot;:false,&quot;XS&quot;:false},&quot;parentVerticalAlign&quot;:{&quot;XL&quot;:&quot;&quot;,&quot;LG&quot;:&quot;&quot;,&quot;MD&quot;:&quot;&quot;,&quot;SM&quot;:&quot;&quot;,&quot;XS&quot;:&quot;&quot;}},&quot;margin-bottom&quot;:{&quot;shouldApplyDefaultMargins&quot;:{&quot;XL&quot;:false,&quot;LG&quot;:false,&quot;MD&quot;:false,&quot;SM&quot;:false,&quot;XS&quot;:false},&quot;parentVerticalAlign&quot;:{&quot;XL&quot;:&quot;&quot;,&quot;LG&quot;:&quot;&quot;,&quot;MD&quot;:&quot;&quot;,&quot;SM&quot;:&quot;&quot;,&quot;XS&quot;:&quot;&quot;}}}\">\n      <div class=\"u-gutter-0 u-layout\">\n        <div class=\"u-layout-row\">\n          <div class=\"u-align-center-sm u-align-center-xs u-align-left-md u-align-left-xl u-container-style u-layout-cell u-left-cell u-size-17-md u-size-17-sm u-size-17-xs u-size-20-lg u-size-20-xl u-block-1abf-4\" data-state=\"{&quot;min-height&quot;:{&quot;expandedParent&quot;:{&quot;XL&quot;:true,&quot;LG&quot;:true,&quot;MD&quot;:true,&quot;SM&quot;:true,&quot;XS&quot;:true},&quot;cellMultiplier&quot;:{&quot;XL&quot;:1,&quot;LG&quot;:1,&quot;MD&quot;:0.85,&quot;SM&quot;:3.5294117647058822,&quot;XS&quot;:1},&quot;canCollapse&quot;:{&quot;XL&quot;:false,&quot;LG&quot;:false,&quot;MD&quot;:true,&quot;SM&quot;:true,&quot;XS&quot;:true}}}\">\n            <div class=\"u-container-layout u-valign-middle u-block-1abf-5\" data-state=\"{&quot;min-height&quot;:{&quot;canCollapse&quot;:{&quot;XL&quot;:false,&quot;LG&quot;:false,&quot;MD&quot;:false,&quot;SM&quot;:false,&quot;XS&quot;:false}}}\"><div data-position=\"\" class=\"u-position u-block-1abf-18\"><div class=\"u-block u-block-1abf-19\">\n        <div class=\"u-block-container u-clearfix\">\n            <h5 class=\"u-align-center u-block-header u-text u-block-1abf-20\">The Official Home Of Rabbijo HD Movies</h5>\n            <div class=\"u-align-center u-block-content u-text u-block-1abf-21\">\n                Block content. Lorem ipsum dolor sit amet, consectetur adipiscing elit nullam nunc justo sagittis suscipit ultrices.\n            </div>\n        </div>\n    </div></div></div>\n          </div>\n          <div class=\"u-align-right-md u-container-style u-layout-cell u-size-20-lg u-size-20-xl u-size-23-md u-size-23-sm u-size-23-xs u-block-1abf-7\" data-state=\"{&quot;min-height&quot;:{&quot;expandedParent&quot;:{&quot;XL&quot;:true,&quot;LG&quot;:true,&quot;MD&quot;:true,&quot;SM&quot;:true,&quot;XS&quot;:true},&quot;cellMultiplier&quot;:{&quot;XL&quot;:1,&quot;LG&quot;:1,&quot;MD&quot;:1.1500000000000001,&quot;SM&quot;:2.608695652173913,&quot;XS&quot;:1},&quot;canCollapse&quot;:{&quot;XL&quot;:false,&quot;LG&quot;:false,&quot;MD&quot;:true,&quot;SM&quot;:true,&quot;XS&quot;:true}}}\">\n            <div class=\"u-container-layout u-valign-middle-lg u-valign-middle-md u-valign-middle-xl u-valign-top-sm u-valign-top-xs u-block-1abf-8\" data-state=\"{&quot;min-height&quot;:{&quot;canCollapse&quot;:{&quot;XL&quot;:false,&quot;LG&quot;:false,&quot;MD&quot;:false,&quot;SM&quot;:false,&quot;XS&quot;:false}}}\">\n              <a href=\"588407888\" class=\"u-image u-logo u-block-1abf-9\" data-brightness=\"\" data-image-width=\"465\" data-image-height=\"152\" title=\"home\">\n                <img src=\"np://user.desktop.nicepage.com/Site_1087007793/images/logo1.PNG\" class=\"u-logo-image u-block-1abf-17\" data-image-width=\"293.3282\">\n              </a>\n            </div>\n          </div>\n          <div class=\"u-align-left-md u-container-style u-layout-cell u-right-cell u-size-20 u-size-20-md u-block-1abf-10\" data-state=\"{&quot;min-height&quot;:{&quot;expandedParent&quot;:{&quot;XL&quot;:true,&quot;LG&quot;:true,&quot;MD&quot;:true,&quot;SM&quot;:true,&quot;XS&quot;:true},&quot;cellMultiplier&quot;:{&quot;XL&quot;:1,&quot;LG&quot;:1,&quot;MD&quot;:1,&quot;SM&quot;:3,&quot;XS&quot;:1},&quot;canCollapse&quot;:{&quot;XL&quot;:false,&quot;LG&quot;:false,&quot;MD&quot;:true,&quot;SM&quot;:true,&quot;XS&quot;:true}}}\">\n            <div class=\"u-container-layout u-valign-bottom-sm u-valign-middle-lg u-valign-middle-md u-valign-middle-xl u-valign-middle-xs u-block-1abf-11\" data-state=\"{&quot;min-height&quot;:{&quot;canCollapse&quot;:{&quot;XL&quot;:false,&quot;LG&quot;:false,&quot;MD&quot;:false,&quot;SM&quot;:false,&quot;XS&quot;:false}}}\">\n              <div class=\"u-social-icons u-spacing-24 u-block-1abf-12\" data-animation-name=\"zoomIn\" data-animation-duration=\"1000\" data-animation-delay=\"0\" data-animation-direction=\"Down\"><a class=\"u-social-url\" target=\"_blank\" href=\"\"><span class=\"u-icon u-icon-circle u-social-facebook u-social-type-color u-block-1abf-22\"><svg class=\"u-svg-link\" preserveAspectRatio=\"xMidYMin slice\" viewBox=\"0 0 112 112\" style=\"\"><use xmlns:xlink=\"http://www.w3.org/1999/xlink\" xlink:href=\"#svg-db05\"></use></svg><svg xmlns=\"http://www.w3.org/2000/svg\" xmlns:xlink=\"http://www.w3.org/1999/xlink\" version=\"1.1\" xml:space=\"preserve\" class=\"u-svg-content\" viewBox=\"0 0 112 112\" x=\"0px\" y=\"0px\" id=\"svg-db05\"><circle fill=\"#3B5998\" cx=\"56.1\" cy=\"56.1\" r=\"55\"></circle><path fill=\"#FFFFFF\" d=\"M73.5,31.6h-9.1c-1.4,0-3.6,0.8-3.6,3.9v8.5h12.6L72,58.3H60.8v40.8H43.9V58.3h-8V43.9h8v-9.2\n            c0-6.7,3.1-17,17-17h12.5v13.9H73.5z\"></path></svg></span></a><a class=\"u-social-url\" target=\"_blank\" href=\"\"><span class=\"u-icon u-icon-circle u-social-instagram u-social-type-color u-block-1abf-23\"><svg class=\"u-svg-link\" preserveAspectRatio=\"xMidYMin slice\" viewBox=\"0 0 112 112\" style=\"\"><use xmlns:xlink=\"http://www.w3.org/1999/xlink\" xlink:href=\"#svg-cd99\"></use></svg><svg xmlns=\"http://www.w3.org/2000/svg\" xmlns:xlink=\"http://www.w3.org/1999/xlink\" version=\"1.1\" xml:space=\"preserve\" class=\"u-svg-content\" viewBox=\"0 0 112 112\" x=\"0px\" y=\"0px\" id=\"svg-cd99\"><circle fill=\"#C536A4\" cx=\"56.1\" cy=\"56.1\" r=\"55\"></circle><path fill=\"#FFFFFF\" d=\"M55.9,38.2c-9.9,0-17.9,8-17.9,17.9C38,66,46,74,55.9,74c9.9,0,17.9-8,17.9-17.9C73.8,46.2,65.8,38.2,55.9,38.2\n            z M55.9,66.4c-5.7,0-10.3-4.6-10.3-10.3c-0.1-5.7,4.6-10.3,10.3-10.3c5.7,0,10.3,4.6,10.3,10.3C66.2,61.8,61.6,66.4,55.9,66.4z\"></path><path fill=\"#FFFFFF\" d=\"M74.3,33.5c-2.3,0-4.2,1.9-4.2,4.2s1.9,4.2,4.2,4.2s4.2-1.9,4.2-4.2S76.6,33.5,74.3,33.5z\"></path><path fill=\"#FFFFFF\" d=\"M73.1,21.3H38.6c-9.7,0-17.5,7.9-17.5,17.5v34.5c0,9.7,7.9,17.6,17.5,17.6h34.5c9.7,0,17.5-7.9,17.5-17.5V38.8\n            C90.6,29.1,82.7,21.3,73.1,21.3z M83,73.3c0,5.5-4.5,9.9-9.9,9.9H38.6c-5.5,0-9.9-4.5-9.9-9.9V38.8c0-5.5,4.5-9.9,9.9-9.9h34.5\n            c5.5,0,9.9,4.5,9.9,9.9V73.3z\"></path></svg></span></a><a class=\"u-social-url\" target=\"_blank\" href=\"#\"><span class=\"u-icon u-icon-circle u-social-type-color u-social-youtube u-block-1abf-24\"><svg class=\"u-svg-link\" preserveAspectRatio=\"xMidYMin slice\" viewBox=\"0 0 112 112\" style=\"\"><use xmlns:xlink=\"http://www.w3.org/1999/xlink\" xlink:href=\"#svg-eb03\"></use></svg><svg xmlns=\"http://www.w3.org/2000/svg\" xmlns:xlink=\"http://www.w3.org/1999/xlink\" version=\"1.1\" xml:space=\"preserve\" class=\"u-svg-content\" viewBox=\"0 0 112 112\" x=\"0px\" y=\"0px\" id=\"svg-eb03\"><circle fill=\"#D22215\" cx=\"56.1\" cy=\"56.1\" r=\"55\"></circle><path fill=\"#FFFFFF\" d=\"M74.9,33.3H37.3c-7.4,0-13.4,6-13.4,13.4v18.8c0,7.4,6,13.4,13.4,13.4h37.6c7.4,0,13.4-6,13.4-13.4V46.7 C88.3,39.3,82.3,33.3,74.9,33.3L74.9,33.3z M65.9,57l-17.6,8.4c-0.5,0.2-1-0.1-1-0.6V47.5c0-0.5,0.6-0.9,1-0.6l17.6,8.9 C66.4,56,66.4,56.8,65.9,57L65.9,57z\"></path></svg></span></a></div>\n            </div>\n          </div>\n        </div>\n      </div>\n    </div>\n  </div>\n  <style data-mode=\"XL\" data-visited=\"true\">@media (min-width: 1200px){ .u-block-1abf-2 {min-height: 210.5px}\n.u-block-1abf-3 {margin-top: 60px; margin-left: 0px; margin-right: 0px; margin-bottom: 59.5px}\n.u-block-1abf-4 {min-height: 121px}\n.u-block-1abf-5 {padding-left: 30px; padding-right: 30px; padding-top: 20px; padding-bottom: 20px}\n.u-block-1abf-18 {margin-top: 0px; margin-bottom: 0px; margin-right: auto; margin-left: 20px}\n.u-block-1abf-20 {font-size: 1.125rem; line-height: 2; font-weight: 700}\n.u-block-1abf-21 {font-size: 0.875rem; line-height: 2}\n.u-block-1abf-7 {min-height: 121px}\n.u-block-1abf-8 {padding-left: 0px; padding-right: 0px; padding-top: 20px; padding-bottom: 20px}\n.u-block-1abf-9 {margin-top: 0px; margin-bottom: 0px; margin-left: auto; margin-right: auto}\n.u-block-1abf-17 {max-width: 345.297px; max-height: 345.297px}\n.u-block-1abf-10 {min-height: 121px}\n.u-block-1abf-11 {padding-left: 0px; padding-right: 0px; padding-top: 20px; padding-bottom: 20px}\n.u-block-1abf-12 {white-space: nowrap; height: 45.6407px; min-height: 16px; width: 184.922px; min-width: 96px; animation-duration: 1000ms; margin-top: 0px; margin-bottom: 0px; margin-left: auto; margin-right: auto}\n.u-block-1abf-22 {height: 100%}\n.u-block-1abf-23 {height: 100%}\n.u-block-1abf-24 {height: 100%} }</style>\n  <style data-mode=\"LG\" data-visited=\"true\">@media (max-width: 1199px) and (min-width: 992px){ .u-block-1abf-2 {min-height: 210.5px}\n.u-block-1abf-3 {margin-top: 60px; margin-bottom: 59.5px}\n.u-block-1abf-4 {min-height: 121px}\n.u-block-1abf-5 {padding-left: 24.7369px; padding-right: 24.7369px; padding-top: 20px; padding-bottom: 20px}\n.u-block-1abf-18 {margin-top: 0px; margin-bottom: 0px; margin-right: auto; margin-left: 0px}\n.u-block-1abf-20 {font-size: 1.125rem; line-height: 2; font-weight: 700}\n.u-block-1abf-21 {font-size: 0.875rem; line-height: 2}\n.u-block-1abf-7 {min-height: 121px}\n.u-block-1abf-8 {padding-left: 0px; padding-right: 0px; padding-top: 20px; padding-bottom: 20px}\n.u-block-1abf-9 {margin-top: 62.6876px; margin-left: -0.3359px; margin-right: -0.3359px; margin-bottom: 0px}\n.u-block-1abf-17 {max-width: 293.328px; max-height: 293.328px}\n.u-block-1abf-10 {min-height: 121px}\n.u-block-1abf-11 {padding-left: 24.737px; padding-right: 24.737px; padding-top: 20px; padding-bottom: 20px}\n.u-block-1abf-12 {white-space: nowrap; height: 45.6407px; min-height: 16px; width: 180.922px; min-width: 92px; animation-duration: 1000ms; margin-top: 0px; margin-bottom: 0px; margin-left: auto; margin-right: auto}\n.u-block-1abf-22 {height: 100%}\n.u-block-1abf-23 {height: 100%}\n.u-block-1abf-24 {height: 100%} }</style>\n  <style data-mode=\"MD\" data-visited=\"true\">@media (max-width: 991px) and (min-width: 768px){ .u-block-1abf-2 {min-height: 210.5px}\n.u-block-1abf-3 {margin-top: 60px; margin-bottom: 59.5px}\n.u-block-1abf-4 {min-height: 100px}\n.u-block-1abf-5 {padding-top: 20px; padding-bottom: 20px; padding-left: 30px; padding-right: 30px}\n.u-block-1abf-18 {margin-top: 0px; margin-bottom: 0px; margin-right: auto; margin-left: 0px}\n.u-block-1abf-20 {font-size: 1.125rem; line-height: 2; font-weight: 700}\n.u-block-1abf-21 {font-size: 0.875rem; line-height: 2}\n.u-block-1abf-7 {min-height: 100px}\n.u-block-1abf-8 {padding-left: 0px; padding-right: 0px; padding-top: 20px; padding-bottom: 20px}\n.u-block-1abf-9 {width: 258px; margin-top: 0px; margin-bottom: 0px; margin-left: -0.2501px; margin-right: -0.2501px}\n.u-block-1abf-17 {max-width: 257.5px; max-height: 257.5px}\n.u-block-1abf-10 {min-height: 100px}\n.u-block-1abf-11 {padding-top: 20px; padding-bottom: 20px; padding-left: 30px; padding-right: 30px}\n.u-block-1abf-12 {white-space: nowrap; height: 38.9376px; min-height: 16px; width: 158.813px; min-width: 90px; animation-duration: 1000ms; margin-top: 0px; margin-right: 1.187px; margin-bottom: 0px; margin-left: auto}\n.u-block-1abf-22 {height: 100%}\n.u-block-1abf-23 {height: 100%}\n.u-block-1abf-24 {height: 100%} }</style>\n  <style data-mode=\"SM\" data-visited=\"true\">@media (max-width: 767px) and (min-width: 576px){ .u-block-1abf-2 {min-height: 150.5px}\n.u-block-1abf-3 {margin-top: 60px; margin-bottom: 59.5px}\n.u-block-1abf-4 {min-height: 100px}\n.u-block-1abf-5 {padding-top: 20px; padding-bottom: 20px; padding-left: 10px; padding-right: 10px}\n.u-block-1abf-18 {margin-top: 0px; margin-bottom: 0px; margin-right: auto; margin-left: 0px}\n.u-block-1abf-20 {font-size: 1.125rem; line-height: 2; font-weight: 700}\n.u-block-1abf-21 {font-size: 0.875rem; line-height: 2}\n.u-block-1abf-7 {min-height: 100px}\n.u-block-1abf-8 {padding-left: 0px; padding-right: 0px; padding-top: 20px; padding-bottom: 20px}\n.u-block-1abf-9 {width: 258px; margin-top: 0px; margin-bottom: 0px; margin-left: auto; margin-right: auto}\n.u-block-1abf-17 {max-width: 257.5px; max-height: 257.5px}\n.u-block-1abf-10 {min-height: 100px}\n.u-block-1abf-11 {padding-top: 20px; padding-bottom: 20px; padding-left: 10px; padding-right: 10px}\n.u-block-1abf-12 {white-space: nowrap; height: 38.9376px; min-height: 16px; width: 158.797px; min-width: 90px; animation-duration: 1000ms; margin-top: 0px; margin-right: 176.406px; margin-bottom: 0px; margin-left: auto}\n.u-block-1abf-22 {height: 100%}\n.u-block-1abf-23 {height: 100%}\n.u-block-1abf-24 {height: 100%} }</style>\n  <style data-mode=\"XS\" data-visited=\"true\">@media (max-width: 575px){ .u-block-1abf-2 {min-height: 655.89px}\n.u-block-1abf-3 {margin-top: 60px; margin-bottom: 60px}\n.u-block-1abf-4 {min-height: 100px}\n.u-block-1abf-5 {padding-top: 20px; padding-bottom: 20px; padding-left: 10px; padding-right: 10px}\n.u-block-1abf-18 {margin-top: 0px; margin-bottom: 0px; margin-right: auto; margin-left: 0px}\n.u-block-1abf-20 {font-size: 1.125rem; line-height: 2; font-weight: 700}\n.u-block-1abf-21 {font-size: 0.875rem; line-height: 2}\n.u-block-1abf-7 {min-height: 100px}\n.u-block-1abf-8 {padding-left: 0px; padding-right: 0px; padding-top: 20px; padding-bottom: 20px}\n.u-block-1abf-9 {margin-top: 0px; margin-bottom: 0px; margin-left: auto; margin-right: auto; width: 258px}\n.u-block-1abf-17 {max-width: 257.5px; max-height: 257.5px}\n.u-block-1abf-10 {min-height: 100px}\n.u-block-1abf-11 {padding-top: 20px; padding-bottom: 20px; padding-left: 10px; padding-right: 10px}\n.u-block-1abf-12 {white-space: nowrap; height: 38.9376px; min-height: 16px; width: 158.719px; min-width: 90px; animation-duration: 1000ms; margin-top: 0px; margin-bottom: 0px; margin-left: auto; margin-right: auto}\n.u-block-1abf-22 {height: 100%}\n.u-block-1abf-23 {height: 100%}\n.u-block-1abf-24 {height: 100%} }</style>\n</section>","hideBacklink":null,"homePageId":588407888,"dateUpdated":1595420110510,"settings":"{\"title\":\"Movie Store\",\"homePageId\":\"588407888\",\"description\":\"\",\"keywords\":\"\",\"analytics\":\"\",\"googleTagManager\":\"\",\"googleOptimizeId\":\"\",\"captchaSiteKey\":\"\",\"captchaSecretKey\":\"\",\"metaTags\":\"\",\"headHtml\":\"\",\"customCss\":\"\",\"themeAuthor\":\"\",\"themeAuthorUrl\":\"\",\"themeVersion\":\"1.0\",\"themeUrl\":\"\",\"themeTags\":\"left-sidebar, right-sidebar, custom-background, custom-colors, blog\",\"themeDescription\":\"Nicepage-generated theme\",\"showBrand\":\"true\",\"favicon\":\"\",\"whiteLabelTitle\":\"Nicepage\",\"whiteLabelLogoSmall\":\"\",\"whiteLabelLogoBig\":\"\",\"whiteLabelAuthor\":\"Nicepage https://www.nicepage.com\",\"whiteLabelAuthorUrl\":\"https://nicepage.com/\",\"whiteLabelDescription\":\"Design websites with any images and texts in seconds!\",\"themeThumbnail\":\"\",\"cookies\":\"false\",\"cookieConfirmCode\":\"\",\"embedFonts\":\"false\",\"lazyLoading\":\"false\",\"analyticsCode\":\"\",\"captchaScript\":\"\",\"colorScheme\":{\"bodyColors\":[\"#111111\",\"#ffffff\"],\"bgColor\":\"#1d1d1d\",\"colors\":[\"#1d1d1d\",\"#6ac045\",\"#171717\",\"#171717\",\"#b9c1cc\"],\"shadingContrast\":\"body-alt-color\",\"whiteContrast\":\"body-color\",\"bgContrast\":\"body-alt-color\",\"name\":\"u10\"},\"fontScheme\":{\"name\":\"Georgia-OpenSans\",\"isDefault\":true,\"fonts\":{\"heading\":\"Georgia, serif\",\"text\":\"Open Sans, sans-serif\",\"accent\":\"Arial, sans-serif\",\"headingTitle\":\"Georgia\",\"textTitle\":\"Open Sans\",\"rank\":10}},\"typography\":{\"name\":\"custom-page-typography-13\",\"title\":{\"font-weight\":\"400\",\"font-size\":4.5,\"line-height\":\"1_1\",\"margin-top\":20,\"margin-bottom\":20,\"SM\":{\"font-size\":3.75},\"XS\":{\"font-size\":3},\"text-color\":\"grey-5\",\"icon-color\":\"grey-5\"},\"subtitle\":{\"font-weight\":\"400\",\"font-size\":2.25,\"line-height\":\"1_1\",\"margin-top\":20,\"margin-bottom\":20,\"XS\":{\"font-size\":1.5}},\"h1\":{\"font-weight\":\"400\",\"font-size\":3,\"line-height\":\"1_1\",\"margin-top\":20,\"margin-bottom\":20,\"XS\":{\"font-size\":2.25}},\"h2\":{\"font-weight\":\"400\",\"font-size\":2.25,\"line-height\":\"1_1\",\"margin-top\":20,\"margin-bottom\":20,\"XS\":{\"font-size\":1.5}},\"h3\":{\"font-weight\":\"400\",\"font-size\":1.875,\"line-height\":\"1_2\",\"margin-top\":20,\"margin-bottom\":20,\"XS\":{\"font-size\":1.5}},\"h4\":{\"font-weight\":\"400\",\"font-size\":1.5,\"line-height\":\"1_2\",\"margin-top\":20,\"margin-bottom\":20},\"h5\":{\"font-weight\":\"400\",\"font-size\":1.25,\"line-height\":\"1_2\",\"margin-top\":20,\"margin-bottom\":20},\"h6\":{\"font-weight\":\"400\",\"font-size\":1.125,\"line-height\":\"1_2\",\"margin-top\":20,\"margin-bottom\":20},\"largeText\":{\"font-size\":1.25,\"margin-top\":20,\"margin-bottom\":20},\"smallText\":{\"font-size\":0.875,\"margin-top\":20,\"margin-bottom\":20},\"text\":{\"margin-top\":20,\"margin-bottom\":20,\"font-size\":1.25},\"hyperlink\":{\"text-color\":\"grey-25\",\"font-size\":1.2777777777777777,\"icon-color\":\"grey-25\"},\"link\":{},\"button\":{\"color\":\"palette-2-base\",\"margin-top\":20,\"margin-bottom\":20,\"border\":4,\"border-color\":\"white\",\"padding-top\":10,\"padding-bottom\":10,\"padding-left\":30,\"padding-right\":30,\"hover-color\":\"palette-2-light-1\",\"border-top-style\":\"solid\",\"border-left-style\":\"solid\",\"border-right-style\":\"solid\",\"border-bottom-style\":\"solid\",\"button-shape\":\"round\",\"border-radius\":20,\"font\":\"Alata\",\"font-size\":1.5,\"hover-border-color\":\"palette-2-dark-2\"},\"blockquote\":{\"font-style\":\"italic\",\"indent\":20,\"border\":4,\"border-color\":\"palette-1-base\",\"margin-top\":20,\"margin-bottom\":20},\"metadata\":{\"margin-top\":20,\"margin-bottom\":20},\"list\":{\"margin-top\":20,\"margin-bottom\":20,\"font-size\":1.125},\"orderedlist\":{\"margin-top\":20,\"margin-bottom\":20},\"postContent\":{\"margin-top\":20,\"margin-bottom\":20},\"theme\":{\"gradient\":\"\",\"image\":\"\",\"background-image\":false,\"background-size\":\"cover\",\"background-position\":\"50% 50%\",\"background-repeat\":\"no-repeat\",\"background-attachment\":\"fixed\"},\"htmlBaseSize\":18},\"backToTop\":\"<span style=\\\"height: 64px; width: 64px; margin-left: 0px; margin-right: auto; margin-top: 0px; background-image: none; right: 20px; bottom: 20px\\\" class=\\\"u-back-to-top u-icon u-icon-circle u-opacity u-opacity-85 u-palette-1-base u-spacing-15\\\" data-href=\\\"#\\\">\\n        <svg class=\\\"u-svg-link\\\" preserveAspectRatio=\\\"xMidYMin slice\\\" viewBox=\\\"0 0 551.13 551.13\\\">\\n            <use xmlns:xlink=\\\"http://www.w3.org/1999/xlink\\\" xlink:href=\\\"#svg-1d98\\\"></use>\\n        </svg>\\n        <svg class=\\\"u-svg-content\\\" enable-background=\\\"new 0 0 551.13 551.13\\\" viewBox=\\\"0 0 551.13 551.13\\\" xmlns=\\\"http://www.w3.org/2000/svg\\\" id=\\\"svg-1d98\\\">\\n            <path d=\\\"m275.565 189.451 223.897 223.897h51.668l-275.565-275.565-275.565 275.565h51.668z\\\"></path>\\n        </svg>\\n    </span>\",\"cookiesSection\":\"<section class=\\\"u-align-center u-block-5c87-1 u-clearfix u-cookies-consent u-grey-80\\\" custom-posts-hash=\\\"T\\\" style=\\\"background-image: none\\\" data-post-id=\\\"1\\\" data-section-properties=\\\"{&quot;stretch&quot;:true}\\\" data-id=\\\"5c87\\\" data-posts-content=\\\"[{'images':[],'maps':[],'videos':[],'icons':[],'textWidth':874,'textHeight':152,'id':1,'headingProp':'h3','textProp':'text'}]\\\" data-style=\\\"cookie-1\\\" id=\\\"sec-85c4\\\" data-source=\\\"\\\">\\n  <div class=\\\"u-block-5c87-2 u-clearfix u-sheet u-valign-middle\\\" style=\\\"min-height: 212px\\\" data-state=\\\"{&quot;margin-top&quot;:{&quot;shouldApplyDefaultMargins&quot;:{&quot;XL&quot;:false,&quot;LG&quot;:false,&quot;MD&quot;:false,&quot;SM&quot;:false,&quot;XS&quot;:false},&quot;parentVerticalAlign&quot;:{&quot;XL&quot;:&quot;middle&quot;,&quot;LG&quot;:&quot;middle&quot;,&quot;MD&quot;:&quot;middle&quot;,&quot;SM&quot;:&quot;middle&quot;,&quot;XS&quot;:&quot;middle&quot;}},&quot;margin-bottom&quot;:{&quot;shouldApplyDefaultMargins&quot;:{&quot;XL&quot;:false,&quot;LG&quot;:false,&quot;MD&quot;:false,&quot;SM&quot;:false,&quot;XS&quot;:false},&quot;parentVerticalAlign&quot;:{&quot;XL&quot;:&quot;middle&quot;,&quot;LG&quot;:&quot;middle&quot;,&quot;MD&quot;:&quot;middle&quot;,&quot;SM&quot;:&quot;middle&quot;,&quot;XS&quot;:&quot;middle&quot;}}}\\\" data-height-lg=\\\"158\\\" data-height-md=\\\"131\\\" data-height-sm=\\\"106\\\" data-height-xs=\\\"225\\\">\\n    <div class=\\\"u-block-5c87-7 u-clearfix u-expanded-width u-layout-wrap\\\" style=\\\"margin-top: 30px; margin-bottom: 30px\\\" data-state=\\\"{&quot;margin-top&quot;:{&quot;shouldApplyDefaultMargins&quot;:{&quot;XL&quot;:false,&quot;LG&quot;:false,&quot;MD&quot;:false,&quot;SM&quot;:true,&quot;XS&quot;:true},&quot;parentVerticalAlign&quot;:{&quot;XL&quot;:&quot;middle&quot;,&quot;LG&quot;:&quot;middle&quot;,&quot;MD&quot;:&quot;middle&quot;,&quot;SM&quot;:&quot;middle&quot;,&quot;XS&quot;:&quot;middle&quot;}},&quot;margin-bottom&quot;:{&quot;shouldApplyDefaultMargins&quot;:{&quot;XL&quot;:false,&quot;LG&quot;:false,&quot;MD&quot;:false,&quot;SM&quot;:true,&quot;XS&quot;:true},&quot;parentVerticalAlign&quot;:{&quot;XL&quot;:&quot;middle&quot;,&quot;LG&quot;:&quot;middle&quot;,&quot;MD&quot;:&quot;middle&quot;,&quot;SM&quot;:&quot;middle&quot;,&quot;XS&quot;:&quot;middle&quot;}}}\\\">\\n      <div class=\\\"u-gutter-0 u-layout\\\">\\n        <div class=\\\"u-layout-row\\\">\\n          <div class=\\\"u-block-5c87-8 u-container-style u-layout-cell u-left-cell u-size-43-md u-size-43-sm u-size-43-xs u-size-46-lg u-size-46-xl\\\" style=\\\"min-height: 152px\\\" data-state=\\\"{&quot;min-height&quot;:{&quot;expandedParent&quot;:{&quot;XL&quot;:true,&quot;LG&quot;:true,&quot;MD&quot;:true,&quot;SM&quot;:true,&quot;XS&quot;:true},&quot;cellMultiplier&quot;:{&quot;XL&quot;:1,&quot;LG&quot;:1,&quot;MD&quot;:0.9347826086956521,&quot;SM&quot;:1.3953488372093024,&quot;XS&quot;:1},&quot;canCollapse&quot;:{&quot;XL&quot;:false,&quot;LG&quot;:false,&quot;MD&quot;:true,&quot;SM&quot;:true,&quot;XS&quot;:true}}}\\\">\\n            <div class=\\\"u-block-5c87-9 u-container-layout u-valign-middle\\\" style=\\\"padding-top: 30px; padding-bottom: 30px; padding-left: 60px; padding-right: 60px\\\" data-state=\\\"{&quot;min-height&quot;:{&quot;canCollapse&quot;:{&quot;XL&quot;:false,&quot;LG&quot;:false,&quot;MD&quot;:false,&quot;SM&quot;:false,&quot;XS&quot;:false}}}\\\">\\n              <h3 class=\\\"u-block-5c87-6 u-text u-text-default\\\" style=\\\"margin-top: 0px; margin-right: 20px; margin-bottom: 0px\\\">Cookies &amp; Privacy</h3>\\n              <p class=\\\"u-block-5c87-5 u-text u-text-default\\\" style=\\\"margin-top: 8px; margin-right: 20px; margin-bottom: 0px; margin-left: 0px\\\">This website uses cookies to ensure you get the best experience on our website.</p>\\n            </div>\\n          </div>\\n          <div class=\\\"u-align-left u-block-5c87-10 u-container-style u-layout-cell u-right-cell u-size-14-lg u-size-14-xl u-size-17-md u-size-17-sm u-size-17-xs\\\" style=\\\"min-height: 152px\\\" data-state=\\\"{&quot;min-height&quot;:{&quot;expandedParent&quot;:{&quot;XL&quot;:true,&quot;LG&quot;:true,&quot;MD&quot;:true,&quot;SM&quot;:true,&quot;XS&quot;:true},&quot;cellMultiplier&quot;:{&quot;XL&quot;:1,&quot;LG&quot;:1,&quot;MD&quot;:1.2142857142857142,&quot;SM&quot;:3.5294117647058822,&quot;XS&quot;:1},&quot;canCollapse&quot;:{&quot;XL&quot;:false,&quot;LG&quot;:false,&quot;MD&quot;:true,&quot;SM&quot;:true,&quot;XS&quot;:true}}}\\\">\\n            <div class=\\\"u-block-5c87-11 u-container-layout u-valign-middle-lg u-valign-middle-md u-valign-middle-xl u-valign-top-sm u-valign-top-xs\\\" style=\\\"padding-top: 30px; padding-bottom: 30px; padding-left: 30px; padding-right: 30px\\\" data-state=\\\"{&quot;min-height&quot;:{&quot;canCollapse&quot;:{&quot;XL&quot;:false,&quot;LG&quot;:false,&quot;MD&quot;:false,&quot;SM&quot;:false,&quot;XS&quot;:false}}}\\\">\\n              <a href=\\\"https://nicepage.com\\\" class=\\\"u-block-5c87-3 u-btn u-button-confirm u-button-style u-palette-1-base\\\" style=\\\"margin-top: 0px; margin-right: auto; margin-bottom: 0px; margin-left: 0px\\\">Confirm</a>\\n            </div>\\n          </div>\\n        </div>\\n      </div>\\n    </div>\\n  </div>\\n  <style data-mode=\\\"XL\\\">@media (max-width: 0px) { .u-block-5c87-1 {background-image: none}\\n.u-block-5c87-2 {min-height: 212px}\\n.u-block-5c87-7 {margin-top: 30px; margin-bottom: 30px}\\n.u-block-5c87-8 {min-height: 152px}\\n.u-block-5c87-9 {padding-top: 30px; padding-bottom: 30px; padding-left: 60px; padding-right: 60px}\\n.u-block-5c87-6 {margin-top: 0px; margin-right: 20px; margin-bottom: 0px}\\n.u-block-5c87-5 {margin-top: 8px; margin-right: 20px; margin-bottom: 0px; margin-left: 0px}\\n.u-block-5c87-10 {min-height: 152px}\\n.u-block-5c87-11 {padding-top: 30px; padding-bottom: 30px; padding-left: 30px; padding-right: 30px}\\n.u-block-5c87-3 {margin-top: 0px; margin-right: auto; margin-bottom: 0px; margin-left: 0px} }</style>\\n  <style data-mode=\\\"LG\\\">@media (max-width: 0px) { .u-block-5c87-1 {background-image: none}\\n.u-block-5c87-2 {min-height: 131px}\\n.u-block-5c87-7 {margin-top: 30px; margin-bottom: 30px}\\n.u-block-5c87-8 {min-height: 125px}\\n.u-block-5c87-9 {padding-top: 30px; padding-bottom: 30px; padding-left: 60px; padding-right: 60px}\\n.u-block-5c87-6 {margin-top: 0px; margin-right: 0px; margin-bottom: 0px}\\n.u-block-5c87-5 {margin-top: 8px; margin-right: 0px; margin-bottom: 0px; margin-left: 0px}\\n.u-block-5c87-10 {min-height: 125px}\\n.u-block-5c87-11 {padding-top: 30px; padding-bottom: 30px; padding-left: 30px; padding-right: 30px}\\n.u-block-5c87-3 {margin-top: 0px; margin-right: auto; margin-bottom: 0px; margin-left: 0px} }</style>\\n  <style data-mode=\\\"MD\\\" data-visited=\\\"true\\\">@media (max-width: 0px) { .u-block-5c87-1 {background-image: none}\\n.u-block-5c87-2 {min-height: 106px}\\n.u-block-5c87-7 {margin-top: 30px; margin-bottom: 30px}\\n.u-block-5c87-8 {min-height: 100px}\\n.u-block-5c87-9 {padding-top: 30px; padding-bottom: 30px; padding-left: 30px; padding-right: 30px}\\n.u-block-5c87-6 {margin-top: 0px; margin-right: 0px; margin-bottom: 0px}\\n.u-block-5c87-5 {margin-top: 8px; margin-right: 0px; margin-bottom: 0px; margin-left: 0px}\\n.u-block-5c87-10 {min-height: 100px}\\n.u-block-5c87-11 {padding-top: 30px; padding-bottom: 30px; padding-left: 30px; padding-right: 30px}\\n.u-block-5c87-3 {margin-top: 0px; margin-right: auto; margin-bottom: 0px; margin-left: 0px} }</style>\\n  <style data-mode=\\\"SM\\\" data-visited=\\\"true\\\">@media (max-width: 0px) { .u-block-5c87-1 {background-image: none}\\n.u-block-5c87-2 {min-height: 225px}\\n.u-block-5c87-7 {margin-top: 30px; margin-bottom: 30px}\\n.u-block-5c87-8 {min-height: 154px}\\n.u-block-5c87-9 {padding-top: 30px; padding-left: 10px; padding-right: 10px; padding-bottom: 20px}\\n.u-block-5c87-6 {margin-top: 0px; margin-right: 0px; margin-bottom: 0px}\\n.u-block-5c87-5 {margin-top: 8px; margin-right: 0px; margin-bottom: 0px; margin-left: 0px}\\n.u-block-5c87-10 {min-height: 65px}\\n.u-block-5c87-11 {padding-top: 10px; padding-bottom: 10px; padding-left: 10px; padding-right: 10px}\\n.u-block-5c87-3 {margin-top: 0px; margin-right: auto; margin-bottom: 0px; margin-left: 0px} }</style>\\n  <style data-mode=\\\"XS\\\" data-visited=\\\"true\\\">@media (max-width: 0px) { .u-block-5c87-1 {background-image: none}\\n.u-block-5c87-2 {min-height: 121px}\\n.u-block-5c87-7 {margin-top: 30px; margin-bottom: 30px}\\n.u-block-5c87-8 {min-height: 100px}\\n.u-block-5c87-9 {padding-top: 30px; padding-bottom: 20px; padding-left: 10px; padding-right: 10px}\\n.u-block-5c87-6 {margin-top: 0px; margin-right: 0px; margin-bottom: 0px}\\n.u-block-5c87-5 {margin-top: 8px; margin-right: 0px; margin-bottom: 0px; margin-left: 0px}\\n.u-block-5c87-10 {min-height: 15px}\\n.u-block-5c87-11 {padding-top: 10px; padding-bottom: 10px; padding-left: 10px; padding-right: 10px}\\n.u-block-5c87-3 {margin-top: 0px; margin-right: auto; margin-bottom: 0px; margin-left: 0px} }</style>\\n</section>\",\"id\":1087007793,\"publishNicePageCss\":\"\",\"cookiesConsent\":{\"publishCookiesSection\":\"<section class=\\\"u-align-center u-clearfix u-cookies-consent u-grey-80 u-cookies-consent\\\" id=\\\"sec-85c4\\\">\\n      <div class=\\\"u-clearfix u-sheet u-valign-middle u-sheet-1\\\">\\n        <div class=\\\"u-clearfix u-expanded-width u-layout-wrap u-layout-wrap-1\\\">\\n          <div class=\\\"u-gutter-0 u-layout\\\">\\n            <div class=\\\"u-layout-row\\\">\\n              <div class=\\\"u-container-style u-layout-cell u-left-cell u-size-43-md u-size-43-sm u-size-43-xs u-size-46-lg u-size-46-xl u-layout-cell-1\\\">\\n                <div class=\\\"u-container-layout u-valign-middle u-container-layout-1\\\">\\n                  <h3 class=\\\"u-text u-text-default u-text-1\\\">Cookies &amp; Privacy</h3>\\n                  <p class=\\\"u-text u-text-default u-text-2\\\">This website uses cookies to ensure you get the best experience on our website.</p>\\n                </div>\\n              </div>\\n              <div class=\\\"u-align-left u-container-style u-layout-cell u-right-cell u-size-14-lg u-size-14-xl u-size-17-md u-size-17-sm u-size-17-xs u-layout-cell-2\\\">\\n                <div class=\\\"u-container-layout u-valign-middle-lg u-valign-middle-md u-valign-middle-xl u-valign-top-sm u-valign-top-xs u-container-layout-2\\\">\\n                  <a href=\\\"https://nicepage.com\\\" class=\\\"u-btn u-button-confirm u-button-style u-palette-1-base u-btn-1\\\">Confirm</a>\\n                </div>\\n              </div>\\n            </div>\\n          </div>\\n        </div>\\n      </div>\\n    <style>.u-cookies-consent {background-image: none}\\n.u-cookies-consent .u-sheet-1 {min-height: 212px}\\n.u-cookies-consent .u-layout-wrap-1 {margin-top: 30px; margin-bottom: 30px}\\n.u-cookies-consent .u-layout-cell-1 {min-height: 152px}\\n.u-cookies-consent .u-container-layout-1 {padding: 30px 60px}\\n.u-cookies-consent .u-text-1 {margin-top: 0; margin-right: 20px; margin-bottom: 0}\\n.u-cookies-consent .u-text-2 {margin: 8px 20px 0 0}\\n.u-cookies-consent .u-layout-cell-2 {min-height: 152px}\\n.u-cookies-consent .u-container-layout-2 {padding: 30px}\\n.u-cookies-consent .u-btn-1 {margin: 0 auto 0 0} \\n\\n@media (max-width: 1199px){ .u-cookies-consent .u-sheet-1 {min-height: 131px}\\n.u-cookies-consent .u-layout-cell-1 {min-height: 125px}\\n.u-cookies-consent .u-text-1 {margin-right: 0}\\n.u-cookies-consent .u-text-2 {margin-right: 0}\\n.u-cookies-consent .u-layout-cell-2 {min-height: 125px} }\\n\\n@media (max-width: 991px){ .u-cookies-consent .u-sheet-1 {min-height: 106px}\\n.u-cookies-consent .u-layout-cell-1 {min-height: 100px}\\n.u-cookies-consent .u-container-layout-1 {padding-left: 30px; padding-right: 30px}\\n.u-cookies-consent .u-layout-cell-2 {min-height: 100px} }\\n\\n@media (max-width: 767px){ .u-cookies-consent .u-sheet-1 {min-height: 225px}\\n.u-cookies-consent .u-layout-cell-1 {min-height: 154px}\\n.u-cookies-consent .u-container-layout-1 {padding-left: 10px; padding-right: 10px; padding-bottom: 20px}\\n.u-cookies-consent .u-layout-cell-2 {min-height: 65px}\\n.u-cookies-consent .u-container-layout-2 {padding: 10px} }\\n\\n@media (max-width: 575px){ .u-cookies-consent .u-sheet-1 {min-height: 121px}\\n.u-cookies-consent .u-layout-cell-1 {min-height: 100px}\\n.u-cookies-consent .u-layout-cell-2 {min-height: 15px} }</style></section>\",\"hideCookies\":true,\"cookieConfirmCode\":\"\"},\"formMailTo\":\"antonyalen1960@gmail.com\"}","title":"Movie Store","siteStyleCss":"<style id=\"color-scheme\" color-scheme=\"u10\" color-style=\"multicolor-1\">.u-body {\n--none: transparent;\n--none-r: 255;\n--none-g: 255;\n--none-b: 255;\n--none-contrast: body-color;\n--none-darker: transparent;\n--none-contrast-darker: body-color;\n--none-text-color: var(--body-color);\n--body-color: #111111;\n--body-color-r: 17;\n--body-color-g: 17;\n--body-color-b: 17;\n--body-color-contrast: white;\n--body-color-darker: #0f0f0f;\n--body-color-contrast-darker: white;\n--body-color-text-color: var(--body-alt-color);\n--body-alt-color: #ffffff;\n--body-alt-color-r: 255;\n--body-alt-color-g: 255;\n--body-alt-color-b: 255;\n--body-alt-color-contrast: black;\n--body-alt-color-darker: #e6e6e6;\n--body-alt-color-contrast-darker: black;\n--body-alt-color-text-color: var(--body-color);\n--bg-color: #1d1d1d;\n--bg-color-r: 29;\n--bg-color-g: 29;\n--bg-color-b: 29;\n--bg-color-contrast: white;\n--bg-color-darker: #1a1a1a;\n--bg-color-contrast-darker: white;\n--bg-color-text-color: var(--body-color);\n--palette-1-base: #1d1d1d;\n--palette-1-base-r: 29;\n--palette-1-base-g: 29;\n--palette-1-base-b: 29;\n--palette-1-base-contrast: white;\n--palette-1-base-darker: #1a1a1a;\n--palette-1-base-contrast-darker: white;\n--palette-1-base-text-color: var(--body-alt-color);\n--palette-1-dark-3: #332929;\n--palette-1-dark-3-r: 51;\n--palette-1-dark-3-g: 41;\n--palette-1-dark-3-b: 41;\n--palette-1-dark-3-contrast: white;\n--palette-1-dark-3-darker: #2e2525;\n--palette-1-dark-3-contrast-darker: white;\n--palette-1-dark-3-text-color: var(--body-alt-color);\n--palette-1-dark-2: #1d1d1d;\n--palette-1-dark-2-r: 29;\n--palette-1-dark-2-g: 29;\n--palette-1-dark-2-b: 29;\n--palette-1-dark-2-contrast: white;\n--palette-1-dark-2-darker: #1a1a1a;\n--palette-1-dark-2-contrast-darker: white;\n--palette-1-dark-2-text-color: var(--body-alt-color);\n--palette-1-dark-1: #636161;\n--palette-1-dark-1-r: 99;\n--palette-1-dark-1-g: 97;\n--palette-1-dark-1-b: 97;\n--palette-1-dark-1-contrast: white;\n--palette-1-dark-1-darker: #595757;\n--palette-1-dark-1-contrast-darker: white;\n--palette-1-dark-1-text-color: var(--body-alt-color);\n--palette-1: #a9a3a3;\n--palette-1-r: 169;\n--palette-1-g: 163;\n--palette-1-b: 163;\n--palette-1-contrast: white;\n--palette-1-darker: #999292;\n--palette-1-contrast-darker: white;\n--palette-1-text-color: var(--body-alt-color);\n--palette-1-light-1: #c3bebe;\n--palette-1-light-1-r: 195;\n--palette-1-light-1-g: 190;\n--palette-1-light-1-b: 190;\n--palette-1-light-1-contrast: black;\n--palette-1-light-1-darker: #b1aaaa;\n--palette-1-light-1-contrast-darker: white;\n--palette-1-light-1-text-color: var(--body-color);\n--palette-1-light-2: #ddd9d9;\n--palette-1-light-2-r: 221;\n--palette-1-light-2-g: 217;\n--palette-1-light-2-b: 217;\n--palette-1-light-2-contrast: black;\n--palette-1-light-2-darker: #c8c2c2;\n--palette-1-light-2-contrast-darker: black;\n--palette-1-light-2-text-color: var(--body-color);\n--palette-1-light-3: #f6f5f5;\n--palette-1-light-3-r: 246;\n--palette-1-light-3-g: 245;\n--palette-1-light-3-b: 245;\n--palette-1-light-3-contrast: black;\n--palette-1-light-3-darker: #dfdbdb;\n--palette-1-light-3-contrast-darker: black;\n--palette-1-light-3-text-color: var(--body-color);\n--palette-2-base: #6ac045;\n--palette-2-base-r: 106;\n--palette-2-base-g: 192;\n--palette-2-base-b: 69;\n--palette-2-base-contrast: white;\n--palette-2-base-darker: #5eaf3b;\n--palette-2-base-contrast-darker: white;\n--palette-2-base-text-color: var(--body-alt-color);\n--palette-2-dark-3: #2c3329;\n--palette-2-dark-3-r: 44;\n--palette-2-dark-3-g: 51;\n--palette-2-dark-3-b: 41;\n--palette-2-dark-3-contrast: white;\n--palette-2-dark-3-darker: #282e25;\n--palette-2-dark-3-contrast-darker: white;\n--palette-2-dark-3-text-color: var(--body-alt-color);\n--palette-2-dark-2: #567a46;\n--palette-2-dark-2-r: 86;\n--palette-2-dark-2-g: 122;\n--palette-2-dark-2-b: 70;\n--palette-2-dark-2-contrast: white;\n--palette-2-dark-2-darker: #4d6e3f;\n--palette-2-dark-2-contrast-darker: white;\n--palette-2-dark-2-text-color: var(--body-alt-color);\n--palette-2-dark-1: #6ac045;\n--palette-2-dark-1-r: 106;\n--palette-2-dark-1-g: 192;\n--palette-2-dark-1-b: 69;\n--palette-2-dark-1-contrast: white;\n--palette-2-dark-1-darker: #5eaf3b;\n--palette-2-dark-1-contrast-darker: white;\n--palette-2-dark-1-text-color: var(--body-alt-color);\n--palette-2: #7fdc57;\n--palette-2-r: 127;\n--palette-2-g: 220;\n--palette-2-b: 87;\n--palette-2-contrast: black;\n--palette-2-darker: #6cd73e;\n--palette-2-contrast-darker: black;\n--palette-2-text-color: var(--body-color);\n--palette-2-light-1: #a2e685;\n--palette-2-light-1-r: 162;\n--palette-2-light-1-g: 230;\n--palette-2-light-1-b: 133;\n--palette-2-light-1-contrast: black;\n--palette-2-light-1-darker: #8be067;\n--palette-2-light-1-contrast-darker: black;\n--palette-2-light-1-text-color: var(--body-color);\n--palette-2-light-2: #c8f1b7;\n--palette-2-light-2-r: 200;\n--palette-2-light-2-g: 241;\n--palette-2-light-2-b: 183;\n--palette-2-light-2-contrast: black;\n--palette-2-light-2-darker: #adea94;\n--palette-2-light-2-contrast-darker: black;\n--palette-2-light-2-text-color: var(--body-color);\n--palette-2-light-3: #f1fbec;\n--palette-2-light-3-r: 241;\n--palette-2-light-3-g: 251;\n--palette-2-light-3-b: 236;\n--palette-2-light-3-contrast: black;\n--palette-2-light-3-darker: #d3f3c4;\n--palette-2-light-3-contrast-darker: black;\n--palette-2-light-3-text-color: var(--body-color);\n--palette-3-base: #171717;\n--palette-3-base-r: 23;\n--palette-3-base-g: 23;\n--palette-3-base-b: 23;\n--palette-3-base-contrast: white;\n--palette-3-base-darker: #151515;\n--palette-3-base-contrast-darker: white;\n--palette-3-base-text-color: var(--body-alt-color);\n--palette-3-dark-3: #332929;\n--palette-3-dark-3-r: 51;\n--palette-3-dark-3-g: 41;\n--palette-3-dark-3-b: 41;\n--palette-3-dark-3-contrast: white;\n--palette-3-dark-3-darker: #2e2525;\n--palette-3-dark-3-contrast-darker: white;\n--palette-3-dark-3-text-color: var(--body-alt-color);\n--palette-3-dark-2: #171717;\n--palette-3-dark-2-r: 23;\n--palette-3-dark-2-g: 23;\n--palette-3-dark-2-b: 23;\n--palette-3-dark-2-contrast: white;\n--palette-3-dark-2-darker: #151515;\n--palette-3-dark-2-contrast-darker: white;\n--palette-3-dark-2-text-color: var(--body-alt-color);\n--palette-3-dark-1: #605e5e;\n--palette-3-dark-1-r: 96;\n--palette-3-dark-1-g: 94;\n--palette-3-dark-1-b: 94;\n--palette-3-dark-1-contrast: white;\n--palette-3-dark-1-darker: #565555;\n--palette-3-dark-1-contrast-darker: white;\n--palette-3-dark-1-text-color: var(--body-alt-color);\n--palette-3: #a9a3a3;\n--palette-3-r: 169;\n--palette-3-g: 163;\n--palette-3-b: 163;\n--palette-3-contrast: white;\n--palette-3-darker: #999292;\n--palette-3-contrast-darker: white;\n--palette-3-text-color: var(--body-alt-color);\n--palette-3-light-1: #c3bebe;\n--palette-3-light-1-r: 195;\n--palette-3-light-1-g: 190;\n--palette-3-light-1-b: 190;\n--palette-3-light-1-contrast: black;\n--palette-3-light-1-darker: #b1aaaa;\n--palette-3-light-1-contrast-darker: white;\n--palette-3-light-1-text-color: var(--body-color);\n--palette-3-light-2: #ddd9d9;\n--palette-3-light-2-r: 221;\n--palette-3-light-2-g: 217;\n--palette-3-light-2-b: 217;\n--palette-3-light-2-contrast: black;\n--palette-3-light-2-darker: #c8c2c2;\n--palette-3-light-2-contrast-darker: black;\n--palette-3-light-2-text-color: var(--body-color);\n--palette-3-light-3: #f6f5f5;\n--palette-3-light-3-r: 246;\n--palette-3-light-3-g: 245;\n--palette-3-light-3-b: 245;\n--palette-3-light-3-contrast: black;\n--palette-3-light-3-darker: #dfdbdb;\n--palette-3-light-3-contrast-darker: black;\n--palette-3-light-3-text-color: var(--body-color);\n--palette-4-base: #171717;\n--palette-4-base-r: 23;\n--palette-4-base-g: 23;\n--palette-4-base-b: 23;\n--palette-4-base-contrast: white;\n--palette-4-base-darker: #151515;\n--palette-4-base-contrast-darker: white;\n--palette-4-base-text-color: var(--body-alt-color);\n--palette-4-dark-3: #332929;\n--palette-4-dark-3-r: 51;\n--palette-4-dark-3-g: 41;\n--palette-4-dark-3-b: 41;\n--palette-4-dark-3-contrast: white;\n--palette-4-dark-3-darker: #2e2525;\n--palette-4-dark-3-contrast-darker: white;\n--palette-4-dark-3-text-color: var(--body-alt-color);\n--palette-4-dark-2: #171717;\n--palette-4-dark-2-r: 23;\n--palette-4-dark-2-g: 23;\n--palette-4-dark-2-b: 23;\n--palette-4-dark-2-contrast: white;\n--palette-4-dark-2-darker: #151515;\n--palette-4-dark-2-contrast-darker: white;\n--palette-4-dark-2-text-color: var(--body-alt-color);\n--palette-4-dark-1: #605e5e;\n--palette-4-dark-1-r: 96;\n--palette-4-dark-1-g: 94;\n--palette-4-dark-1-b: 94;\n--palette-4-dark-1-contrast: white;\n--palette-4-dark-1-darker: #565555;\n--palette-4-dark-1-contrast-darker: white;\n--palette-4-dark-1-text-color: var(--body-alt-color);\n--palette-4: #a9a3a3;\n--palette-4-r: 169;\n--palette-4-g: 163;\n--palette-4-b: 163;\n--palette-4-contrast: white;\n--palette-4-darker: #999292;\n--palette-4-contrast-darker: white;\n--palette-4-text-color: var(--body-alt-color);\n--palette-4-light-1: #c3bebe;\n--palette-4-light-1-r: 195;\n--palette-4-light-1-g: 190;\n--palette-4-light-1-b: 190;\n--palette-4-light-1-contrast: black;\n--palette-4-light-1-darker: #b1aaaa;\n--palette-4-light-1-contrast-darker: white;\n--palette-4-light-1-text-color: var(--body-color);\n--palette-4-light-2: #ddd9d9;\n--palette-4-light-2-r: 221;\n--palette-4-light-2-g: 217;\n--palette-4-light-2-b: 217;\n--palette-4-light-2-contrast: black;\n--palette-4-light-2-darker: #c8c2c2;\n--palette-4-light-2-contrast-darker: black;\n--palette-4-light-2-text-color: var(--body-color);\n--palette-4-light-3: #f6f5f5;\n--palette-4-light-3-r: 246;\n--palette-4-light-3-g: 245;\n--palette-4-light-3-b: 245;\n--palette-4-light-3-contrast: black;\n--palette-4-light-3-darker: #dfdbdb;\n--palette-4-light-3-contrast-darker: black;\n--palette-4-light-3-text-color: var(--body-color);\n--palette-5-base: #b9c1cc;\n--palette-5-base-r: 185;\n--palette-5-base-g: 193;\n--palette-5-base-b: 204;\n--palette-5-base-contrast: black;\n--palette-5-base-darker: #a2adbc;\n--palette-5-base-contrast-darker: white;\n--palette-5-base-text-color: var(--body-color);\n--palette-5-dark-3: #292d33;\n--palette-5-dark-3-r: 41;\n--palette-5-dark-3-g: 45;\n--palette-5-dark-3-b: 51;\n--palette-5-dark-3-contrast: white;\n--palette-5-dark-3-darker: #25292e;\n--palette-5-dark-3-contrast-darker: white;\n--palette-5-dark-3-text-color: var(--body-alt-color);\n--palette-5-dark-2: #555c66;\n--palette-5-dark-2-r: 85;\n--palette-5-dark-2-g: 92;\n--palette-5-dark-2-b: 102;\n--palette-5-dark-2-contrast: white;\n--palette-5-dark-2-darker: #4d535c;\n--palette-5-dark-2-contrast-darker: white;\n--palette-5-dark-2-text-color: var(--body-alt-color);\n--palette-5-dark-1: #858e99;\n--palette-5-dark-1-r: 133;\n--palette-5-dark-1-g: 142;\n--palette-5-dark-1-b: 153;\n--palette-5-dark-1-contrast: white;\n--palette-5-dark-1-darker: #75808c;\n--palette-5-dark-1-contrast-darker: white;\n--palette-5-dark-1-text-color: var(--body-alt-color);\n--palette-5: #b9c1cc;\n--palette-5-r: 185;\n--palette-5-g: 193;\n--palette-5-b: 204;\n--palette-5-contrast: black;\n--palette-5-darker: #a2adbc;\n--palette-5-contrast-darker: white;\n--palette-5-text-color: var(--body-color);\n--palette-5-light-1: #ccd3db;\n--palette-5-light-1-r: 204;\n--palette-5-light-1-g: 211;\n--palette-5-light-1-b: 219;\n--palette-5-light-1-contrast: black;\n--palette-5-light-1-darker: #b3bec9;\n--palette-5-light-1-contrast-darker: black;\n--palette-5-light-1-text-color: var(--body-color);\n--palette-5-light-2: #e0e5eb;\n--palette-5-light-2-r: 224;\n--palette-5-light-2-g: 229;\n--palette-5-light-2-b: 235;\n--palette-5-light-2-contrast: black;\n--palette-5-light-2-darker: #c4ced9;\n--palette-5-light-2-contrast-darker: black;\n--palette-5-light-2-text-color: var(--body-color);\n--palette-5-light-3: #f5f7fa;\n--palette-5-light-3-r: 245;\n--palette-5-light-3-g: 247;\n--palette-5-light-3-b: 250;\n--palette-5-light-3-contrast: black;\n--palette-5-light-3-darker: #d4dde9;\n--palette-5-light-3-contrast-darker: black;\n--palette-5-light-3-text-color: var(--body-color);\n--grey-40: #999999;\n--grey-40-r: 153;\n--grey-40-g: 153;\n--grey-40-b: 153;\n--grey-40-contrast: white;\n--grey-40-darker: #8a8a8a;\n--grey-40-contrast-darker: white;\n--grey-40-text-color: var(--body-alt-color);\n--grey-30: #b3b3b3;\n--grey-30-r: 179;\n--grey-30-g: 179;\n--grey-30-b: 179;\n--grey-30-contrast: white;\n--grey-30-darker: #a1a1a1;\n--grey-30-contrast-darker: white;\n--grey-30-text-color: var(--body-alt-color);\n--grey-25: #c0c0c0;\n--grey-25-r: 192;\n--grey-25-g: 192;\n--grey-25-b: 192;\n--grey-25-contrast: black;\n--grey-25-darker: #adadad;\n--grey-25-contrast-darker: white;\n--grey-25-text-color: var(--body-color);\n--white: #ffffff;\n--white-r: 255;\n--white-g: 255;\n--white-b: 255;\n--white-contrast: black;\n--white-darker: #e6e6e6;\n--white-contrast-darker: black;\n--white-text-color: var(--body-color);\n--grey-15: #d9d9d9;\n--grey-15-r: 217;\n--grey-15-g: 217;\n--grey-15-b: 217;\n--grey-15-contrast: black;\n--grey-15-darker: #c3c3c3;\n--grey-15-contrast-darker: black;\n--grey-15-text-color: var(--body-color);\n--grey-10: #e5e5e5;\n--grey-10-r: 229;\n--grey-10-g: 229;\n--grey-10-b: 229;\n--grey-10-contrast: black;\n--grey-10-darker: #cecece;\n--grey-10-contrast-darker: black;\n--grey-10-text-color: var(--body-color);\n--grey-5: #f2f2f2;\n--grey-5-r: 242;\n--grey-5-g: 242;\n--grey-5-b: 242;\n--grey-5-contrast: black;\n--grey-5-darker: #dadada;\n--grey-5-contrast-darker: black;\n--grey-5-text-color: var(--body-color);\n--grey-90: #1a1a1a;\n--grey-90-r: 26;\n--grey-90-g: 26;\n--grey-90-b: 26;\n--grey-90-contrast: white;\n--grey-90-darker: #171717;\n--grey-90-contrast-darker: white;\n--grey-90-text-color: var(--body-alt-color);\n--grey-80: #333333;\n--grey-80-r: 51;\n--grey-80-g: 51;\n--grey-80-b: 51;\n--grey-80-contrast: white;\n--grey-80-darker: #2e2e2e;\n--grey-80-contrast-darker: white;\n--grey-80-text-color: var(--body-alt-color);\n--grey-75: #404040;\n--grey-75-r: 64;\n--grey-75-g: 64;\n--grey-75-b: 64;\n--grey-75-contrast: white;\n--grey-75-darker: #3a3a3a;\n--grey-75-contrast-darker: white;\n--grey-75-text-color: var(--body-alt-color);\n--black: #000000;\n--black-r: 0;\n--black-g: 0;\n--black-b: 0;\n--black-contrast: white;\n--black-darker: #000000;\n--black-contrast-darker: white;\n--black-text-color: var(--body-alt-color);\n--grey-70: #4d4d4d;\n--grey-70-r: 77;\n--grey-70-g: 77;\n--grey-70-b: 77;\n--grey-70-contrast: white;\n--grey-70-darker: #454545;\n--grey-70-contrast-darker: white;\n--grey-70-text-color: var(--body-alt-color);\n--grey-60: #666666;\n--grey-60-r: 102;\n--grey-60-g: 102;\n--grey-60-b: 102;\n--grey-60-contrast: white;\n--grey-60-darker: #5c5c5c;\n--grey-60-contrast-darker: white;\n--grey-60-text-color: var(--body-alt-color);\n--grey-50: #808080;\n--grey-50-r: 128;\n--grey-50-g: 128;\n--grey-50-b: 128;\n--grey-50-contrast: white;\n--grey-50-darker: #737373;\n--grey-50-contrast-darker: white;\n--grey-50-text-color: var(--body-alt-color);\n--grey-dark-3: #212121;\n--grey-dark-3-r: 33;\n--grey-dark-3-g: 33;\n--grey-dark-3-b: 33;\n--grey-dark-3-contrast: white;\n--grey-dark-3-darker: #1e1e1e;\n--grey-dark-3-contrast-darker: white;\n--grey-dark-3-text-color: var(--body-alt-color);\n--grey-dark-2: #333333;\n--grey-dark-2-r: 51;\n--grey-dark-2-g: 51;\n--grey-dark-2-b: 51;\n--grey-dark-2-contrast: white;\n--grey-dark-2-darker: #2e2e2e;\n--grey-dark-2-contrast-darker: white;\n--grey-dark-2-text-color: var(--body-alt-color);\n--grey-dark-1: #454545;\n--grey-dark-1-r: 69;\n--grey-dark-1-g: 69;\n--grey-dark-1-b: 69;\n--grey-dark-1-contrast: white;\n--grey-dark-1-darker: #3e3e3e;\n--grey-dark-1-contrast-darker: white;\n--grey-dark-1-text-color: var(--body-alt-color);\n--grey: #b3b3b3;\n--grey-r: 179;\n--grey-g: 179;\n--grey-b: 179;\n--grey-contrast: white;\n--grey-darker: #a1a1a1;\n--grey-contrast-darker: white;\n--grey-text-color: var(--body-alt-color);\n--grey-light-1: #d9d9d9;\n--grey-light-1-r: 217;\n--grey-light-1-g: 217;\n--grey-light-1-b: 217;\n--grey-light-1-contrast: black;\n--grey-light-1-darker: #c3c3c3;\n--grey-light-1-contrast-darker: black;\n--grey-light-1-text-color: var(--body-color);\n--grey-light-2: #eeeeee;\n--grey-light-2-r: 238;\n--grey-light-2-g: 238;\n--grey-light-2-b: 238;\n--grey-light-2-contrast: black;\n--grey-light-2-darker: #d6d6d6;\n--grey-light-2-contrast-darker: black;\n--grey-light-2-text-color: var(--body-color);\n--grey-light-3: #f6f6f6;\n--grey-light-3-r: 246;\n--grey-light-3-g: 246;\n--grey-light-3-b: 246;\n--grey-light-3-contrast: black;\n--grey-light-3-darker: #dddddd;\n--grey-light-3-contrast-darker: black;\n--grey-light-3-text-color: var(--body-color);\n--color-1-base: #1d1d1d;\n--color-1-base-r: 29;\n--color-1-base-g: 29;\n--color-1-base-b: 29;\n--color-1-base-contrast: white;\n--color-1-base-darker: #1a1a1a;\n--color-1-base-contrast-darker: white;\n--color-1-base-text-color: var(--body-alt-color);\n--color-1-dark-3: #332929;\n--color-1-dark-3-r: 51;\n--color-1-dark-3-g: 41;\n--color-1-dark-3-b: 41;\n--color-1-dark-3-contrast: white;\n--color-1-dark-3-darker: #2e2525;\n--color-1-dark-3-contrast-darker: white;\n--color-1-dark-3-text-color: var(--body-alt-color);\n--color-1-dark-2: #1d1d1d;\n--color-1-dark-2-r: 29;\n--color-1-dark-2-g: 29;\n--color-1-dark-2-b: 29;\n--color-1-dark-2-contrast: white;\n--color-1-dark-2-darker: #1a1a1a;\n--color-1-dark-2-contrast-darker: white;\n--color-1-dark-2-text-color: var(--body-alt-color);\n--color-1-dark-1: #636161;\n--color-1-dark-1-r: 99;\n--color-1-dark-1-g: 97;\n--color-1-dark-1-b: 97;\n--color-1-dark-1-contrast: white;\n--color-1-dark-1-darker: #595757;\n--color-1-dark-1-contrast-darker: white;\n--color-1-dark-1-text-color: var(--body-alt-color);\n--color-1: #a9a3a3;\n--color-1-r: 169;\n--color-1-g: 163;\n--color-1-b: 163;\n--color-1-contrast: white;\n--color-1-darker: #999292;\n--color-1-contrast-darker: white;\n--color-1-text-color: var(--body-alt-color);\n--color-1-light-1: #c3bebe;\n--color-1-light-1-r: 195;\n--color-1-light-1-g: 190;\n--color-1-light-1-b: 190;\n--color-1-light-1-contrast: black;\n--color-1-light-1-darker: #b1aaaa;\n--color-1-light-1-contrast-darker: white;\n--color-1-light-1-text-color: var(--body-color);\n--color-1-light-2: #ddd9d9;\n--color-1-light-2-r: 221;\n--color-1-light-2-g: 217;\n--color-1-light-2-b: 217;\n--color-1-light-2-contrast: black;\n--color-1-light-2-darker: #c8c2c2;\n--color-1-light-2-contrast-darker: black;\n--color-1-light-2-text-color: var(--body-color);\n--color-1-light-3: #f6f5f5;\n--color-1-light-3-r: 246;\n--color-1-light-3-g: 245;\n--color-1-light-3-b: 245;\n--color-1-light-3-contrast: black;\n--color-1-light-3-darker: #dfdbdb;\n--color-1-light-3-contrast-darker: black;\n--color-1-light-3-text-color: var(--body-color);\n--color-2-base: #6ac045;\n--color-2-base-r: 106;\n--color-2-base-g: 192;\n--color-2-base-b: 69;\n--color-2-base-contrast: white;\n--color-2-base-darker: #5eaf3b;\n--color-2-base-contrast-darker: white;\n--color-2-base-text-color: var(--body-alt-color);\n--color-2-dark-3: #2c3329;\n--color-2-dark-3-r: 44;\n--color-2-dark-3-g: 51;\n--color-2-dark-3-b: 41;\n--color-2-dark-3-contrast: white;\n--color-2-dark-3-darker: #282e25;\n--color-2-dark-3-contrast-darker: white;\n--color-2-dark-3-text-color: var(--body-alt-color);\n--color-2-dark-2: #567a46;\n--color-2-dark-2-r: 86;\n--color-2-dark-2-g: 122;\n--color-2-dark-2-b: 70;\n--color-2-dark-2-contrast: white;\n--color-2-dark-2-darker: #4d6e3f;\n--color-2-dark-2-contrast-darker: white;\n--color-2-dark-2-text-color: var(--body-alt-color);\n--color-2-dark-1: #6ac045;\n--color-2-dark-1-r: 106;\n--color-2-dark-1-g: 192;\n--color-2-dark-1-b: 69;\n--color-2-dark-1-contrast: white;\n--color-2-dark-1-darker: #5eaf3b;\n--color-2-dark-1-contrast-darker: white;\n--color-2-dark-1-text-color: var(--body-alt-color);\n--color-2: #7fdc57;\n--color-2-r: 127;\n--color-2-g: 220;\n--color-2-b: 87;\n--color-2-contrast: black;\n--color-2-darker: #6cd73e;\n--color-2-contrast-darker: black;\n--color-2-text-color: var(--body-color);\n--color-2-light-1: #a2e685;\n--color-2-light-1-r: 162;\n--color-2-light-1-g: 230;\n--color-2-light-1-b: 133;\n--color-2-light-1-contrast: black;\n--color-2-light-1-darker: #8be067;\n--color-2-light-1-contrast-darker: black;\n--color-2-light-1-text-color: var(--body-color);\n--color-2-light-2: #c8f1b7;\n--color-2-light-2-r: 200;\n--color-2-light-2-g: 241;\n--color-2-light-2-b: 183;\n--color-2-light-2-contrast: black;\n--color-2-light-2-darker: #adea94;\n--color-2-light-2-contrast-darker: black;\n--color-2-light-2-text-color: var(--body-color);\n--color-2-light-3: #f1fbec;\n--color-2-light-3-r: 241;\n--color-2-light-3-g: 251;\n--color-2-light-3-b: 236;\n--color-2-light-3-contrast: black;\n--color-2-light-3-darker: #d3f3c4;\n--color-2-light-3-contrast-darker: black;\n--color-2-light-3-text-color: var(--body-color);\n--color-3-base: #171717;\n--color-3-base-r: 23;\n--color-3-base-g: 23;\n--color-3-base-b: 23;\n--color-3-base-contrast: white;\n--color-3-base-darker: #151515;\n--color-3-base-contrast-darker: white;\n--color-3-base-text-color: var(--body-alt-color);\n--color-3-dark-3: #332929;\n--color-3-dark-3-r: 51;\n--color-3-dark-3-g: 41;\n--color-3-dark-3-b: 41;\n--color-3-dark-3-contrast: white;\n--color-3-dark-3-darker: #2e2525;\n--color-3-dark-3-contrast-darker: white;\n--color-3-dark-3-text-color: var(--body-alt-color);\n--color-3-dark-2: #171717;\n--color-3-dark-2-r: 23;\n--color-3-dark-2-g: 23;\n--color-3-dark-2-b: 23;\n--color-3-dark-2-contrast: white;\n--color-3-dark-2-darker: #151515;\n--color-3-dark-2-contrast-darker: white;\n--color-3-dark-2-text-color: var(--body-alt-color);\n--color-3-dark-1: #605e5e;\n--color-3-dark-1-r: 96;\n--color-3-dark-1-g: 94;\n--color-3-dark-1-b: 94;\n--color-3-dark-1-contrast: white;\n--color-3-dark-1-darker: #565555;\n--color-3-dark-1-contrast-darker: white;\n--color-3-dark-1-text-color: var(--body-alt-color);\n--color-3: #a9a3a3;\n--color-3-r: 169;\n--color-3-g: 163;\n--color-3-b: 163;\n--color-3-contrast: white;\n--color-3-darker: #999292;\n--color-3-contrast-darker: white;\n--color-3-text-color: var(--body-alt-color);\n--color-3-light-1: #c3bebe;\n--color-3-light-1-r: 195;\n--color-3-light-1-g: 190;\n--color-3-light-1-b: 190;\n--color-3-light-1-contrast: black;\n--color-3-light-1-darker: #b1aaaa;\n--color-3-light-1-contrast-darker: white;\n--color-3-light-1-text-color: var(--body-color);\n--color-3-light-2: #ddd9d9;\n--color-3-light-2-r: 221;\n--color-3-light-2-g: 217;\n--color-3-light-2-b: 217;\n--color-3-light-2-contrast: black;\n--color-3-light-2-darker: #c8c2c2;\n--color-3-light-2-contrast-darker: black;\n--color-3-light-2-text-color: var(--body-color);\n--color-3-light-3: #f6f5f5;\n--color-3-light-3-r: 246;\n--color-3-light-3-g: 245;\n--color-3-light-3-b: 245;\n--color-3-light-3-contrast: black;\n--color-3-light-3-darker: #dfdbdb;\n--color-3-light-3-contrast-darker: black;\n--color-3-light-3-text-color: var(--body-color);\n--color-4-base: #171717;\n--color-4-base-r: 23;\n--color-4-base-g: 23;\n--color-4-base-b: 23;\n--color-4-base-contrast: white;\n--color-4-base-darker: #151515;\n--color-4-base-contrast-darker: white;\n--color-4-base-text-color: var(--body-alt-color);\n--color-4-dark-3: #332929;\n--color-4-dark-3-r: 51;\n--color-4-dark-3-g: 41;\n--color-4-dark-3-b: 41;\n--color-4-dark-3-contrast: white;\n--color-4-dark-3-darker: #2e2525;\n--color-4-dark-3-contrast-darker: white;\n--color-4-dark-3-text-color: var(--body-alt-color);\n--color-4-dark-2: #171717;\n--color-4-dark-2-r: 23;\n--color-4-dark-2-g: 23;\n--color-4-dark-2-b: 23;\n--color-4-dark-2-contrast: white;\n--color-4-dark-2-darker: #151515;\n--color-4-dark-2-contrast-darker: white;\n--color-4-dark-2-text-color: var(--body-alt-color);\n--color-4-dark-1: #605e5e;\n--color-4-dark-1-r: 96;\n--color-4-dark-1-g: 94;\n--color-4-dark-1-b: 94;\n--color-4-dark-1-contrast: white;\n--color-4-dark-1-darker: #565555;\n--color-4-dark-1-contrast-darker: white;\n--color-4-dark-1-text-color: var(--body-alt-color);\n--color-4: #a9a3a3;\n--color-4-r: 169;\n--color-4-g: 163;\n--color-4-b: 163;\n--color-4-contrast: white;\n--color-4-darker: #999292;\n--color-4-contrast-darker: white;\n--color-4-text-color: var(--body-alt-color);\n--color-4-light-1: #c3bebe;\n--color-4-light-1-r: 195;\n--color-4-light-1-g: 190;\n--color-4-light-1-b: 190;\n--color-4-light-1-contrast: black;\n--color-4-light-1-darker: #b1aaaa;\n--color-4-light-1-contrast-darker: white;\n--color-4-light-1-text-color: var(--body-color);\n--color-4-light-2: #ddd9d9;\n--color-4-light-2-r: 221;\n--color-4-light-2-g: 217;\n--color-4-light-2-b: 217;\n--color-4-light-2-contrast: black;\n--color-4-light-2-darker: #c8c2c2;\n--color-4-light-2-contrast-darker: black;\n--color-4-light-2-text-color: var(--body-color);\n--color-4-light-3: #f6f5f5;\n--color-4-light-3-r: 246;\n--color-4-light-3-g: 245;\n--color-4-light-3-b: 245;\n--color-4-light-3-contrast: black;\n--color-4-light-3-darker: #dfdbdb;\n--color-4-light-3-contrast-darker: black;\n--color-4-light-3-text-color: var(--body-color);\n--color-5-base: #b9c1cc;\n--color-5-base-r: 185;\n--color-5-base-g: 193;\n--color-5-base-b: 204;\n--color-5-base-contrast: black;\n--color-5-base-darker: #a2adbc;\n--color-5-base-contrast-darker: white;\n--color-5-base-text-color: var(--body-color);\n--color-5-dark-3: #292d33;\n--color-5-dark-3-r: 41;\n--color-5-dark-3-g: 45;\n--color-5-dark-3-b: 51;\n--color-5-dark-3-contrast: white;\n--color-5-dark-3-darker: #25292e;\n--color-5-dark-3-contrast-darker: white;\n--color-5-dark-3-text-color: var(--body-alt-color);\n--color-5-dark-2: #555c66;\n--color-5-dark-2-r: 85;\n--color-5-dark-2-g: 92;\n--color-5-dark-2-b: 102;\n--color-5-dark-2-contrast: white;\n--color-5-dark-2-darker: #4d535c;\n--color-5-dark-2-contrast-darker: white;\n--color-5-dark-2-text-color: var(--body-alt-color);\n--color-5-dark-1: #858e99;\n--color-5-dark-1-r: 133;\n--color-5-dark-1-g: 142;\n--color-5-dark-1-b: 153;\n--color-5-dark-1-contrast: white;\n--color-5-dark-1-darker: #75808c;\n--color-5-dark-1-contrast-darker: white;\n--color-5-dark-1-text-color: var(--body-alt-color);\n--color-5: #b9c1cc;\n--color-5-r: 185;\n--color-5-g: 193;\n--color-5-b: 204;\n--color-5-contrast: black;\n--color-5-darker: #a2adbc;\n--color-5-contrast-darker: white;\n--color-5-text-color: var(--body-color);\n--color-5-light-1: #ccd3db;\n--color-5-light-1-r: 204;\n--color-5-light-1-g: 211;\n--color-5-light-1-b: 219;\n--color-5-light-1-contrast: black;\n--color-5-light-1-darker: #b3bec9;\n--color-5-light-1-contrast-darker: black;\n--color-5-light-1-text-color: var(--body-color);\n--color-5-light-2: #e0e5eb;\n--color-5-light-2-r: 224;\n--color-5-light-2-g: 229;\n--color-5-light-2-b: 235;\n--color-5-light-2-contrast: black;\n--color-5-light-2-darker: #c4ced9;\n--color-5-light-2-contrast-darker: black;\n--color-5-light-2-text-color: var(--body-color);\n--color-5-light-3: #f5f7fa;\n--color-5-light-3-r: 245;\n--color-5-light-3-g: 247;\n--color-5-light-3-b: 250;\n--color-5-light-3-contrast: black;\n--color-5-light-3-darker: #d4dde9;\n--color-5-light-3-contrast-darker: black;\n--color-5-light-3-text-color: var(--body-color);\n--white-contrast: var(--body-color);\n--shading-contrast: var(--body-alt-color);\n--bg-contrast: var(--body-alt-color);\n}</style><style id=\"typography\" typography=\"custom-page-typography-13\">\n    .u-body\n    {\n        --title-font-weight: 400;\n        --title-font-size: 4.5rem;\n        --title-line-height: 1.1;\n        --title-margin-top: 20px;\n        --title-margin-bottom: 20px;\n        --title-color: var(--grey-5);\n        --title-icon-color: grey-5;\n        --title-alt-text-color: var(--grey-30);\n        --subtitle-font-weight: 400;\n        --subtitle-font-size: 2.25rem;\n        --subtitle-line-height: 1.1;\n        --subtitle-margin-top: 20px;\n        --subtitle-margin-bottom: 20px;\n        --h1-font-weight: 400;\n        --h1-font-size: 3rem;\n        --h1-line-height: 1.1;\n        --h1-margin-top: 20px;\n        --h1-margin-bottom: 20px;\n        --h2-font-weight: 400;\n        --h2-font-size: 2.25rem;\n        --h2-line-height: 1.1;\n        --h2-margin-top: 20px;\n        --h2-margin-bottom: 20px;\n        --h3-font-weight: 400;\n        --h3-font-size: 1.875rem;\n        --h3-line-height: 1.2;\n        --h3-margin-top: 20px;\n        --h3-margin-bottom: 20px;\n        --h4-font-weight: 400;\n        --h4-font-size: 1.5rem;\n        --h4-line-height: 1.2;\n        --h4-margin-top: 20px;\n        --h4-margin-bottom: 20px;\n        --h5-font-weight: 400;\n        --h5-font-size: 1.25rem;\n        --h5-line-height: 1.2;\n        --h5-margin-top: 20px;\n        --h5-margin-bottom: 20px;\n        --h6-font-weight: 400;\n        --h6-font-size: 1.125rem;\n        --h6-line-height: 1.2;\n        --h6-margin-top: 20px;\n        --h6-margin-bottom: 20px;\n        --largeText-font-size: 1.25rem;\n        --largeText-margin-top: 20px;\n        --largeText-margin-bottom: 20px;\n        --smallText-font-size: 0.875rem;\n        --smallText-margin-top: 20px;\n        --smallText-margin-bottom: 20px;\n        --text-margin-top: 20px;\n        --text-margin-bottom: 20px;\n        --text-font-size: 1.25rem;\n        --hyperlink-color: var(--grey-25);\n        --hyperlink-font-size: 1.2777777777777777rem;\n        --hyperlink-icon-color: grey-25;\n        --hyperlink-alt-text-color: var(--grey-30);\n        --hyperlink-hover-color: var(--grey-25-darker);\n        --hyperlink-hover-alt-text-color: var(--grey-30-darker);\n        --button-margin-top: 20px;\n        --button-margin-bottom: 20px;\n        --button-border-width: 4px;\n        --button-padding-top: 10px;\n        --button-padding-bottom: 10px;\n        --button-padding-left: 30px;\n        --button-padding-right: 30px;\n        --button-border-top-style: solid;\n        --button-border-left-style: solid;\n        --button-border-right-style: solid;\n        --button-border-bottom-style: solid;\n        --button-font-family: Alata;\n        --button-font-size: 1.5rem;\n        --button-border-radius: 20px;\n        --button-background-color: var(--palette-2-base);\n        --button-border-color: var(--white);\n        --button-color: var(--white);\n        --button-alt-background-color: var(--palette-2-light-2);\n        --button-alt-border-color: var(--grey-30);\n        --button-alt-color: var(--black);\n        --button-hover-background-color: var(--palette-2-light-1);\n        --button-hover-border-color: var(--palette-2-dark-2);\n        --button-hover-color: var(--black);\n        --button-hover-alt-background-color: var(--palette-2-dark-3);\n        --button-hover-alt-border-color: var(--palette-2-light-2);\n        --button-hover-alt-color: var(--white);\n        --button-hover-background-color: var(--palette-2-light-1);\n        --button-hover-border-color: var(--palette-2-dark-2);\n        --button-hover-color: var(--black);\n        --button-hover-alt-background-color: var(--palette-2-dark-3);\n        --button-hover-alt-border-color: var(--palette-2-light-2);\n        --button-hover-alt-color: var(--white);\n        --button-active-background-color: var(--palette-2-base-darker);\n        --button-active-border-color: var(--white);\n        --button-active-color: var(--white);\n        --button-active-alt-background-color: var(--white);\n        --button-active-alt-border-color: var(--grey-30);\n        --button-active-alt-color: var(--black);\n        --blockquote-font-style: italic;\n        --blockquote-padding-left: 20px;\n        --blockquote-border-width: 4px;\n        --blockquote-border-color: var(--palette-1-base);\n        --blockquote-margin-top: 20px;\n        --blockquote-margin-bottom: 20px;\n        --metadata-margin-top: 20px;\n        --metadata-margin-bottom: 20px;\n        --list-margin-top: 20px;\n        --list-margin-bottom: 20px;\n        --list-font-size: 1.125rem;\n        --orderedlist-margin-top: 20px;\n        --orderedlist-margin-bottom: 20px;\n        --postContent-margin-top: 20px;\n        --postContent-margin-bottom: 20px;\n        --theme-background-size: cover;\n        --theme-background-position: 50% 50%;\n        --theme-background-repeat: no-repeat;\n        --theme-background-attachment: fixed;\n        --title-font-size-sm: 3.75rem;\n        --title-font-size-xs: 3rem;\n        --subtitle-font-size-xs: 1.5rem;\n        --h1-font-size-xs: 2.25rem;\n        --h2-font-size-xs: 1.5rem;\n        --h3-font-size-xs: 1.5rem;\n    }\n\n    /** common-rules **/\n    h1.u-title\n    {\n        font-weight: var(--title-font-weight);\n        font-size: var(--title-font-size);\n        line-height: var(--title-line-height);\n        margin-top: var(--title-margin-top);\n        margin-bottom: var(--title-margin-bottom);\n    }\n    h2.u-subtitle\n    {\n        font-weight: var(--subtitle-font-weight);\n        font-size: var(--subtitle-font-size);\n        line-height: var(--subtitle-line-height);\n        margin-top: var(--subtitle-margin-top);\n        margin-bottom: var(--subtitle-margin-bottom);\n    }\n    h1:not(.u-title)\n    {\n        font-weight: var(--h1-font-weight);\n        font-size: var(--h1-font-size);\n        line-height: var(--h1-line-height);\n        margin-top: var(--h1-margin-top);\n        margin-bottom: var(--h1-margin-bottom);\n    }\n    h2:not(.u-subtitle)\n    {\n        font-weight: var(--h2-font-weight);\n        font-size: var(--h2-font-size);\n        line-height: var(--h2-line-height);\n        margin-top: var(--h2-margin-top);\n        margin-bottom: var(--h2-margin-bottom);\n    }\n    h3\n    {\n        font-weight: var(--h3-font-weight);\n        font-size: var(--h3-font-size);\n        line-height: var(--h3-line-height);\n        margin-top: var(--h3-margin-top);\n        margin-bottom: var(--h3-margin-bottom);\n    }\n    h4\n    {\n        font-weight: var(--h4-font-weight);\n        font-size: var(--h4-font-size);\n        line-height: var(--h4-line-height);\n        margin-top: var(--h4-margin-top);\n        margin-bottom: var(--h4-margin-bottom);\n    }\n    h5\n    {\n        font-weight: var(--h5-font-weight);\n        font-size: var(--h5-font-size);\n        line-height: var(--h5-line-height);\n        margin-top: var(--h5-margin-top);\n        margin-bottom: var(--h5-margin-bottom);\n    }\n    h6\n    {\n        font-weight: var(--h6-font-weight);\n        font-size: var(--h6-font-size);\n        line-height: var(--h6-line-height);\n        margin-top: var(--h6-margin-top);\n        margin-bottom: var(--h6-margin-bottom);\n    }\n    p.u-large-text\n    {\n        font-size: var(--largeText-font-size);\n        margin-top: var(--largeText-margin-top);\n        margin-bottom: var(--largeText-margin-bottom);\n    }\n    p.u-small-text\n    {\n        font-size: var(--smallText-font-size);\n        margin-top: var(--smallText-margin-top);\n        margin-bottom: var(--smallText-margin-bottom);\n    }\n    p:not(.u-text-variant)\n    {\n        margin-top: var(--text-margin-top);\n        margin-bottom: var(--text-margin-bottom);\n        font-size: var(--text-font-size);\n    }\n    a\n    {\n        font-size: var(--hyperlink-font-size);\n    }\n    .u-btn\n    {\n        margin-top: var(--button-margin-top);\n        margin-bottom: var(--button-margin-bottom);\n        border-width: var(--button-border-width);\n        padding-top: var(--button-padding-top);\n        padding-bottom: var(--button-padding-bottom);\n        padding-left: var(--button-padding-left);\n        padding-right: var(--button-padding-right);\n        border-top-style: var(--button-border-top-style);\n        border-left-style: var(--button-border-left-style);\n        border-right-style: var(--button-border-right-style);\n        border-bottom-style: var(--button-border-bottom-style);\n        font-family: var(--button-font-family);\n        font-size: var(--button-font-size);\n    }\n    .u-btn\n    {\n        border-radius: var(--button-border-radius);\n    }\n    blockquote\n    {\n        font-style: var(--blockquote-font-style);\n        padding-left: var(--blockquote-padding-left);\n        border-width: var(--blockquote-border-width);\n        margin-top: var(--blockquote-margin-top);\n        margin-bottom: var(--blockquote-margin-bottom);\n    }\n    .u-metadata\n    {\n        margin-top: var(--metadata-margin-top);\n        margin-bottom: var(--metadata-margin-bottom);\n    }\n    ul:not(.u-unstyled)\n    {\n        margin-top: var(--list-margin-top);\n        margin-bottom: var(--list-margin-bottom);\n        font-size: var(--list-font-size);\n    }\n    ol\n    {\n        margin-top: var(--orderedlist-margin-top);\n        margin-bottom: var(--orderedlist-margin-bottom);\n    }\n    .u-post-content\n    {\n        margin-top: var(--postContent-margin-top);\n        margin-bottom: var(--postContent-margin-bottom);\n    }\n    .u-body\n    {\n        background-size: var(--theme-background-size);\n        background-position: var(--theme-background-position);\n        background-repeat: var(--theme-background-repeat);\n        background-attachment: var(--theme-background-attachment);\n    }\n    /** common-rules **/\n\n    /** publish-rules **/\n    /*begin-media rules*/\n    @media (max-width: 767px) {\n        h1.u-title\n        {\n            font-size: var(--title-font-size-sm);\n        }\n    }\n    @media (max-width: 575px) {\n        h1.u-title\n        {\n            font-size: var(--title-font-size-xs);\n        }\n    }\n    @media (max-width: 575px) {\n        h2.u-subtitle\n        {\n            font-size: var(--subtitle-font-size-xs);\n        }\n    }\n    @media (max-width: 575px) {\n        h1:not(.u-title)\n        {\n            font-size: var(--h1-font-size-xs);\n        }\n    }\n    @media (max-width: 575px) {\n        h2:not(.u-subtitle)\n        {\n            font-size: var(--h2-font-size-xs);\n        }\n    }\n    @media (max-width: 575px) {\n        h3\n        {\n            font-size: var(--h3-font-size-xs);\n        }\n    }\n    /*end-media rules*/\n    /** publish-rules **/\n\n    \n\n    /** cms-rules **/\n    /*begin-responsive rules*/\n    .u-sm h1.u-title\n    {\n        font-size: var(--title-font-size-sm);\n    }\n    .u-xs h1.u-title\n    {\n        font-size: var(--title-font-size-xs);\n    }\n    .u-xs h2.u-subtitle\n    {\n        font-size: var(--subtitle-font-size-xs);\n    }\n    .u-xs h1:not(.u-title)\n    {\n        font-size: var(--h1-font-size-xs);\n    }\n    .u-xs h2:not(.u-subtitle)\n    {\n        font-size: var(--h2-font-size-xs);\n    }\n    .u-xs h3\n    {\n        font-size: var(--h3-font-size-xs);\n    }\n    /*end-responsive rules*/\n    /** cms-rules **/\n\n    /** color-rules **/\n    .u-overlap.u-overlap-transparent:not(.u-overlap-contrast) .u-header :not(.u-nav-item) > h1.u-title,\n    .u-gradient > .u-container-layout > h1.u-title,\n    .u-image:not(.u-shading) > .u-container-layout > h1.u-title,\n    h1.u-title\n    {\n        color: var(--title-color);\n        icon-color: var(--title-icon-color);\n    }\n    .u-overlap.u-overlap-transparent:not(.u-overlap-contrast) .u-header :not(.u-nav-item) > a,\n    .u-gradient > .u-container-layout > a,\n    .u-image:not(.u-shading) > .u-container-layout > a,\n    a\n    {\n        color: var(--hyperlink-color);\n        icon-color: var(--hyperlink-icon-color);\n    }\n    .u-overlap.u-overlap-transparent:not(.u-overlap-contrast) .u-header :not(.u-nav-item) > a:hover,\n    .u-gradient > .u-container-layout > a:hover,\n    .u-image:not(.u-shading) > .u-container-layout > a:hover,\n    a:hover\n    {\n        color: var(--hyperlink-hover-color);\n    }\n    .u-overlap.u-overlap-transparent:not(.u-overlap-contrast) .u-header :not(.u-nav-item) > .u-btn,\n    .u-gradient > .u-container-layout > .u-btn,\n    .u-image:not(.u-shading) > .u-container-layout > .u-btn,\n    .u-btn\n    {\n        background-color: var(--button-background-color);\n        border-color: var(--button-border-color);\n        color: var(--button-color);\n    }\n    .u-overlap.u-overlap-transparent:not(.u-overlap-contrast) .u-header :not(.u-nav-item) > .u-btn:hover,\n    .u-gradient > .u-container-layout > .u-btn:hover,\n    .u-image:not(.u-shading) > .u-container-layout > .u-btn:hover,\n    .u-btn:hover\n    {\n        background-color: var(--button-hover-background-color);\n        border-color: var(--button-hover-border-color);\n        color: var(--button-hover-color);\n    }\n    .u-overlap.u-overlap-transparent:not(.u-overlap-contrast) .u-header :not(.u-nav-item) > .u-btn:focus,\n    .u-gradient > .u-container-layout > .u-btn:focus,\n    .u-image:not(.u-shading) > .u-container-layout > .u-btn:focus,\n    .u-btn:focus\n    {\n        background-color: var(--button-hover-background-color);\n        border-color: var(--button-hover-border-color);\n        color: var(--button-hover-color);\n    }\n    .u-overlap.u-overlap-transparent:not(.u-overlap-contrast) .u-header :not(.u-nav-item) > .u-btn:active,\n    .u-gradient > .u-container-layout > .u-btn:active,\n    .u-image:not(.u-shading) > .u-container-layout > .u-btn:active,\n    .u-btn:active\n    {\n        background-color: var(--button-active-background-color);\n        border-color: var(--button-active-border-color);\n        color: var(--button-active-color);\n    }\n    .u-overlap.u-overlap-transparent:not(.u-overlap-contrast) .u-header :not(.u-nav-item) > blockquote,\n    .u-gradient > .u-container-layout > blockquote,\n    .u-image:not(.u-shading) > .u-container-layout > blockquote,\n    blockquote\n    {\n        border-color: var(--blockquote-border-color);\n    }\n    /** color-rules **/\n\n    /** alt-color-rules **/\n    .u-shading h1.u-title,.u-overlap-contrast .u-header h1.u-title:not(.u-nav-link):not(.u-btn)\n    {\n        color: var(--title-alt-text-color);\n    }\n    .u-shading a,.u-overlap-contrast .u-header a:not(.u-nav-link):not(.u-btn)\n    {\n        color: var(--hyperlink-alt-text-color);\n    }\n    .u-shading .u-btn,.u-overlap-contrast .u-header .u-btn\n    {\n        background-color: var(--button-alt-background-color);\n        border-color: var(--button-alt-border-color);\n        color: var(--button-alt-color);\n    }\n    .u-shading .u-btn:hover,.u-overlap-contrast .u-header .u-btn:hover\n    {\n        background-color: var(--button-hover-alt-background-color);\n        border-color: var(--button-hover-alt-border-color);\n        color: var(--button-hover-alt-color);\n    }\n    .u-shading .u-btn:active,.u-overlap-contrast .u-header .u-btn:active\n    {\n        background-color: var(--button-active-alt-background-color);\n        border-color: var(--button-active-alt-border-color);\n        color: var(--button-active-alt-color);\n    }\n    /** alt-color-rules **/\n</style><style id=\"font-scheme\" font-scheme=\"Georgia-OpenSans\" heading-font=\"Georgia,serif\" text-font=\"'Open Sans',sans-serif\">.u-body {\n   --text-font: 'Open Sans',sans-serif;\n   --heading-font: Georgia,serif;\n}</style>","appVersion":"2.20.0","isTrial":true}
